symbol,stock_id,close,eps,dps,,net_worth,roe,roa,paidup_capital,retained_earning,reserve,total_assets,total_liabilities,deposit,loan,net_interest_income,net_fee_commission_income,operating_profit,net_profit,distributable_profit,npl,capital_fund_to_rwa,cost_of_fund,base_rate,interest_spread,cd_ratio,,eps_a,total_equity,sector_id,promoter_shares,public_shares,share_registar,is_delisted,is_merged,core_capital,gram_value,prev_quarter_profit,growth_rate,discount_rate,pe_ratio,peg_value,fetched_at,reserve_surplus,loansandlong_termliabilities,investments,total_currentassets,total_currentliabilities,other_assets,income_from_sales_of_electricity,administrative_expenses,depreciation,financial_expenses,expired_date,listed_date,mega_watt_capacity,mega_watt_per_cost,sister_holding,local,property_plantandequipment,income_fromothersources,loan_and_advance_bfi,goodwill_and_intangible_assets,property_and_equipment,investment_in_subsidiaries,investment_in_associates,loans,reinsurance_assets,current_tax_assets,insurance_receivables,other_financial_assets,cash_and_cash_equivalent,share_premium,catastrophe_reserve,retained_earnings,other_equity,provisions,gross_insurance_contract_liabilities,deferred_tax_liabilities,borrowings,other_liabilities,other_financial_liabilities,total_equity_and_liabilities,gross_earned_premiums,net_earned_premiums,commission_income,other_direct_income,interest_income_on_loan_to_policyholders,income_from_investments_and_loans,net_realized_gains_losses,other_income,total_income,gross_benefits_and_claims_paid,claims_ceded,gross_change_in_contract_liabilities,net_benefits_and_claims_paid,commission_expenses,service_fees,employee_benefits_expenses,depreciation_and_amortization_expenses,other_operating_expenses,finance_cost,total_expenses,net_profit_loss_before_share_of_net_profits_of_associates,profit_before_tax,income_tax_expenses,net_profit_loss,other_comprehensive_income,total_comprehensive_income,net_premium_to_gross_premium_percentage,net_profit_to_gross_premium_percentage,price_earning_ratio,networth_per_share_rs,total_inforce_policy_count,first_year_premium,single_premium,renewal_premium,total_benefits_and_claims_paid_in_count,outstanding_benefits_and_claims_in_count,long_term_investments,short_term_investments,total_assets_per_share,work_in_progress,reserve_and_surplus,loans_and_long_term_liabilities,current_liabilities,property_plant_and_equipment,capital_work_in_progress,intangible_assets,current_assets,income_from_room_sales_banquets_restaurants_and_others,income_from_other_sources,provision_foremployee_bonus,project_operatingexpenses,royalty,operating_expenses,inventories,trade_and_other_recievables,cash_and_bank_balance,other_current_assets,other_equity_reserve_and_surplus,total_non_current_liabilities,trade_payables,total_current_liabilities,total_equity_and_liabilites,revenue_from_sale_of_goods,less_cost_of_sales,gross_profit,selling_and_distribution_expenses,finance_expenses,provision_for_tax,income_tax,other_operatingexpenses,foreign,government,cash_and_bank_balances,deferred_tax_liability,depreciation_and_amortisation,employee_benefits,income_taxes,investment_in_equity,investment_in_subsidiary,non_current_assets,non_current_liabilities,operating_and_administrative_expenses,property_plant_and_equipments,reserves_and_surplus,revenue_from_contract_with_customers,deferred_tax_assets,investment_in_corporate_bonds,insurance_payable,net_income,other_direct_expenses,financial_liabilties_borrowings,finance_costs,par_value,other_non_current_assets,other_current_liabilities,employee_benefit_expenses,share_capital,special_reserve,premium_ceded,gross_claims_paid,change_in_contract_liabilities_ceded_to_reinsurers,net_claims_incurred,networth_per_share,total_issue_policy,total_renewed_policy,total_claims_paid_count,outstanding_claims_count,accrued_income,current_tax_liability,dividend_income,finance_income,impairments,inventory,loan_to_power_projects,prepayments_and_advances,profit_before_bonus_and_tax,retirement_benefit_obligations,staff_advances_and_loans,term_deposits_with_banks,share_of_net_profit_of_associates,cash_and_cash_equivalents,total_current_liabilities_and_provisions,income_from_services,total_expenditure,net_profit_before_tax,total_comprehensive_income_for_the_year,net_dps_profit,total_non_current_assets,trade_receivables,total_current_assets,administrative_costs,operating_income,current_tax_liabilities,personnel_costs,operation_and_maintenance_costs,investment_properties,other_non_current_liabilities,sales_channel_marketing_and_promotions,post_employment_benefit,subscriber_deposit,regulatory_fees_charges_and_renewals,amortization,impairment_loss,foreign_exchange_loss_gain,net_gain_loss_of_fair_value_changes,share_application_money_pending_allotment,impairment_losses,gross_written_premium,financial_assets_advance_for_investment_in_equity_instruments,net_currentassets,provision_for_income_tax,cash,profit_before_common_staff_expenses,staff_bonus_expenses,prepayment_and_advance_tax,loans_advances_and_others,dps_pe
NLO,188,269.4,48.25,48.25,,507.62,9.51,3.88,87435240,,,1086649710,,,,,,40056009,21095625,,,,,,,,,63.99,786449095,9,67,33,Global IME Capital Limited,FALSE,FALSE,291337500,543.25,-135187440,-168.95,193.6,24.93,-0.15,3/15/26 21:37,,,,,,,,,,,,,,,,,,,,,,,,,,,,,,,,,,,,,,,,,,,,,,,,,,,,,,,,,,,,,,,,,,,,,,,,,,,,,,,,,,,,,,,,,,,,,,,,,,,,,,,,,,,,,,,,,,,,,,,,,,,,,,,,,,,,,,,,,,,,,,,,,,,,,,,,,,,,,,,,,,,,,,,,,,,,,,,,,,,,,,,,,,,,,,,,,,,,,
GBIME,17,244.3,17.06,12.24,,175.29,9.79,0.92,38115853000,2426675000,26270848000,7.48297E+11,6.81483E+11,6.0588E+11,4.32967E+11,8022317000,1756255000,4276327000,3252117000,2426675000,0.88,12.17,3.73,5.16,3.43,71.55,,61.89,373477563,9,61,39,Kumari Capital Limited,FALSE,FALSE,250000000,456.1,3786920,1942.82,138.98,17.61,0.01,3/15/26 21:37,,,,,,,,,,,,,,,,,,,,,,,,,,,,,,,,,,,,,,,,,,,,,,,,,,,,,,,,,,,,,,,,,,,,,,,,,,,,,,,,,,,,,,,,,,,,,,,,,,,,,,,,,,,,,,,,,,,,,,,,,,,,,,,,,,,,,,,,,,,,,,,,,,,,,,,,,,,,,,,,,,,,,,,,,,,,,,,,,,,,,,,,,,,,,,,,,,,,,
MBL,9,255.5,16.73,7.22,,161.6,10.52,0.89,12086211564,436380131,6981825552,2.38206E+11,2.1867E+11,2.04047E+11,1.5401E+11,2941016739,820799966,1456891446,1011173462,436380131,1.41,12.16,3.56,5.48,3.83,77.99,,50.65,4257552434,9,67,33,NMB Capital Limited,FALSE,FALSE,1536171550,562,205442607,89.37,145.02,27.19,0.3,3/15/26 21:37,,,,,,,,,,,,,,,,,,,,,,,,,,,,,,,,,,,,,,,,,,,,,,,,,,,,,,,,,,,,,,,,,,,,,,,,,,,,,,,,,,,,,,,,,,,,,,,,,,,,,,,,,,,,,,,,,,,,,,,,,,,,,,,,,,,,,,,,,,,,,,,,,,,,,,,,,,,,,,,,,,,,,,,,,,,,,,,,,,,,,,,,,,,,,,,,,,,,,
NMB,15,256,17.1,5.18,,168.75,10.17,0.93,19285041000,564313000,12812540000,3.59135E+11,3.26473E+11,2.91441E+11,2.39471E+11,4771476000,1342981000,2509968000,1648613000,564313000,1.59,11.81,3.89,5.48,3.78,85.09,,48.25,443840419.8,8,100,0,NIBL Ace Capital Limited,FALSE,FALSE,0,742.35,21154536,-0.28,-63.71,5.58,-20.05,3/15/26 21:37,,,,,,,,-29875970,,,12/14/89,12/14/86,,,,,,,,,,,,,,,,,,,,,,,,,392427745,,,,,,,,,,,1314991,,,,,,,,,,,,,,26369531,,,,,,,,,,,,,,,,,,,,,,216407854,,,,,,,,,,292209338,501546598,16625780,59860140,,15816570,125568790,626992722,1086649710,659696095,-484286785,175409310,-106552322,-13686478,,-5273906,,,,,,,,,,,,,,,,,,,,,,,,,,84485385,,,,,,,,,,,,,,,,,,,,,,,,,,,,,,,,,,,,,,,,,,,,,,,,,,,,,,,,,,,,,,
PCBL,19,252,19.5,3.06,,165.8,12.09,1.23,20954781773,370062886,13417258985,3.19678E+11,2.84936E+11,2.67332E+11,2.17175E+11,4653314973,1030833660,3395383138,2043378296,370062886,6.38,11.68,4.46,5.72,3.79,82.86,,48.21,3732946000,9,70,30,NIBL Ace Capital Limited,FALSE,FALSE,1331609000,515.91,215291000,70.33,129.69,24.58,0.35,3/15/26 21:37,,,,,,,,,,,,,,,,,,,,,,,,,,,,,,,,,,,,,,,,,,,,,,,,,,,,,,,,,,,,,,,,,,,,,,,,,,,,,,,,,,,,,,,,,,,,,,,,,,,,,,,,,,,,,,,,,,,,,,,,,,,,,,,,,,,,,,,,,,,,,,,,,,,,,,,,,,,,,,,,,,,,,,,,,,,,,,,,,,,,,,,,,,,,,,,,,,,,,
NIFRA,185,285.1,3.8,3.8,,114.75,3.24,1.98,21600000000,,,41218214000,,,,,,,409940000,,,,,,,,,47.41,4131336210,9,51,49,Nabil Investment Banking Limited,FALSE,FALSE,1868285696,485.68,245652143,80.3,82.42,18.69,0.23,3/15/26 21:37,,,,,,,,,,,,,,,,,,,,,,,,,,,,,,,,,,,,,,,,,,,,,,,,,,,,,,,,,,,,,,,,,,,,,,,,,,,,,,,,,,,,,,,,,,,,,,,,,,,,,,,,,,,,,,,,,,,,,,,,,,,,,,,,,,,,,,,,,,,,,,,,,,,,,,,,,,,,,,,,,,,,,,,,,,,,,,,,,,,,,,,,,,,,,,,,,,,,,
SANIMA,14,353,20.54,16.95,,172.39,12.01,1.04,13581525414,1610256783,8221600386,2.70383E+11,2.4697E+11,2.3105E+11,1.83862E+11,3428085664,605897593,1959717361,1391075722,1610256783,1.33,12.57,4.02,5.25,3.32,79.42,,47.22,500829631.4,9,51,49,BOK Capital Market Limited,FALSE,FALSE,223933150,487.46,37480580,41.06,181.05,29.01,0.71,3/15/26 21:37,,,,,,,,,,,,,,,,,,,,,,,,,,,,,,,,,,,,,,,,,,,,,,,,,,,,,,,,,,,,,,,,,,,,,,,,,,,,,,,,,,,,,,,,,,,,,,,,,,,,,,,,,,,,,,,,,,,,,,,,,,,,,,,,,,,,,,,,,,,,,,,,,,,,,,,,,,,,,,,,,,,,,,,,,,,,,,,,,,,,,,,,,,,,,,,,,,,,,
HIDCL,183,294.9,3.23,3.23,,112.02,2.88,2.79,24928211000,,,28826525000,,,,,,,402244000,,,,,,,,,46.27,97111867000,11,92,8,Nepal Doorsanchar Company Limited,FALSE,FALSE,18000000000,749.45,2635121000,58.04,18.47,19.19,0.33,3/15/26 21:37,,,18831438000,,,,,,-3011448000,,8/24/11,8/24/08,,,,,,,,,,,,,,,,,,,,,,201017000,,,,,,1.34987E+11,,,,,,,,370503000,19227266000,,,,,,,,,,,,,,,,4164510000,,,,,,,,,,,,,,,,79111867000,,1584252000,44939757000,3288682000,970455000,,,,,,,,,,,,,14682797000,,,,,,,,,,,,,91.49,,,,,,,,,,,,,,9527289000,,,,,,-85309000,,,,,,,,,,,,,,,,,,,,,269633000,,,,,,,,12772588000,23192392000,17299731000,,5914300000,4164510000,,84112333000,1491361000,50874723000,-656739000,,,-3876534000,-2928093000,,,-171093000,10555662000,56195000,-2177331000,-571073000,-194933000,359586000,,,,,,,,,,,,,
SBL,13,399.5,17.98,20.13,,211.23,8.55,0.77,14794479199,584501584,15870905989,3.49273E+11,3.18024E+11,2.90471E+11,2.25613E+11,4328012214,959531277,1968406243,1326653249,2747060584,1.04,12.18,3.9,5.6,3.9,79.05,,38.11,316372281,9,68,32,Siddhartha Capital Limited,FALSE,FALSE,153445510,420.47,20331960,43.83,297.13,43.82,1,3/15/26 21:37,,,,,,,,,,,,,,,,,,,,,,,,,,,,,,,,,,,,,,,,,,,,,,,,,,,,,,,,,,,,,,,,,,,,,,,,,,,,,,,,,,,,,,,,,,,,,,,,,,,,,,,,,,,,,,,,,,,,,,,,,,,,,,,,,,,,,,,,,,,,,,,,,,,,,,,,,,,,,,,,,,,,,,,,,,,,,,,,,,,,,,,,,,,,,,,,,,,,,
ADBL,21,317,9.89,0.42,,224.37,4.28,0.37,19738231090,719876629,17071799483,3.92157E+11,3.54627E+11,3.23445E+11,2.18272E+11,4518161972,624102570,1009249486,707426589,719876628.6,4.65,13.12,3.31,5.02,3.89,64.33,,36.75,262523050,9,64,36,None,FALSE,FALSE,109375000,445.5,18743970,7.15,262.07,43.89,6.14,3/15/26 21:37,,,,,,,,,,,,,,,,,,,,,,,,,,,,,,,,,,,,,,,,,,,,,,,,,,,,,,,,,,,,,,,,,,,,,,,,,,,,,,,,,,,,,,,,,,,,,,,,,,,,,,,,,,,,,,,,,,,,,,,,,,,,,,,,,,,,,,,,,,,,,,,,,,,,,,,,,,,,,,,,,,,,,,,,,,,,,,,,,,,,,,,,,,,,,,,,,,,,,
SBI,4,419,18.93,16.06,,193.1,9.91,0.85,10899158068,1201306332,8945912750,2.54843E+11,2.33796E+11,2.16105E+11,1.41992E+11,2561023129,715379053,1471398195,1031342915,1201306332,2.64,14.12,4.23,5.68,3.54,68.68,,36.14,762816536.6,9,70,30,Sunrise Capital Limited,FALSE,FALSE,369923500.2,400.1,8959803.25,681.5,234.07,36.98,0.05,3/15/26 21:37,,,,,,,,,,,,,,,,,,,,,,,,,,,,,,,,,,,,,,,,,,,,,,,,,,,,,,,,,,,,,,,,,,,,,,,,,,,,,,,,,,,,,,,,,,,,,,,,,,,,,,,,,,,,,,,,,,,,,,,,,,,,,,,,,,,,,,,,,,,,,,,,,,,,,,,,,,,,,,,,,,,,,,,,,,,,,,,,,,,,,,,,,,,,,,,,,,,,,
MHCL,283,386,8.4,8.4,,88.49,18.99,11.55,802500000,,,1167900295,,26767285,,,,,67441338,,,,,,,,,35.04,68758000,1,60,40,Nabil Investment Banking limited ,FALSE,FALSE,27056997000,431.02,3244277000,46.71,23.08,15.14,0.32,3/15/26 21:37,,,,,,,,,,,,,,,,,,,15895000,,,,,,,,,,,,,,,,,,,,,,,,,,,,,,,,,,,,,,,,,,,,,,,,,,,,,,,,,,,,,,,,,,,,,,,,,,,,,,,,,,,,,,,,,,,,,,,,,,,,,,,,,,,,,,,,,,,,,,,,,,,,,,,,,,,,,,,,,,,,,,,,,,,,,,,,,,,,,,,,,,,,,,,,,,,,,,,,,,
SRLI,292,409,11.01,11.01,,108.26,10.17,1.93,5014924056,,,28577518969,23148477826,,,,,,276187709,,,,,,,,,32.67,1279003617,9,70,30,Global IME Capital Limited,FALSE,FALSE,618900045,378.29,118339931,-10.51,219.86,37.04,-3.52,3/15/26 21:37,,,,,,,,,,,,,,,,,,,,,,,,,,,,,,,,,,,,,,,,,,,,,,,,,,,,,,,,,,,,,,,,,,,,,,,,,,,,,,,,,,,,,,,,,,,,,,,,,,,,,,,,,,,,,,,,,,,,,,,,,,,,,,,,,,,,,,,,,,,,,,,,,,,,,,,,,,,,,,,,,,,,,,,,,,,,,,,,,,,,,,,,,,,,,,,,,,,,,
HLI,288,387,4.52,4.52,,106.91,4.23,0.42,9143237306,,,97320570490,87545165172,,,,,,206737353,,,,,,,,,32.57,624077914,9,60,40,Aarambha Chautari Laghubitta Bittiya Sanstha Limited,FALSE,FALSE,367143409,352.94,32654718,83.08,183.34,30.7,0.37,3/15/26 21:36,,,,,,,,,,,,,,,,,,,,,,,,,,,,,,,,,,,,,,,,,,,,,,,,,,,,,,,,,,,,,,,,,,,,,,,,,,,,,,,,,,,,,,,,,,,,,,,,,,,,,,,,,,,,,,,,,,,,,,,,,,,,,,,,,,,,,,,,,,,,,,,,,,,,,,,,,,,,,,,,,,,,,,,,,,,,,,,,,,,,,,,,,,,,,,,,,,,,,
MNBBL,40,391,16.8,3.99,,151.35,11.24,1,8000389000,195218000,3913103000,1.32388E+11,1.2028E+11,1.15389E+11,98549570000,2372868000,263428000,970137000,672040000,195218000,3.75,12.59,4.13,6.19,4.59,86.59,,32.53,1361257047,9,51,49,NMB Capital Limited,FALSE,FALSE,783924403,356.48,88001028.98,44.88,143.77,26.71,0.6,3/15/26 21:37,,,,,,,,,,,,,,,,,,,,,,,,,,,,,,,,,,,,,,,,,,,,,,,,,,,,,,,,,,,,,,,,,,,,,,,,,,,,,,,,,,,,,,,,,,,,,,,,,,,,,,,,,,,,,,,,,,,,,,,,,,,,,,,,,,,,,,,,,,,,,,,,,,,,,,,,,,,,,,,,,,,,,,,,,,,,,,,,,,,,,,,,,,,,,,,,,,,,,
GBBL,33,423,21.1,10.24,,159.59,13.22,1.21,6021348367,308425271,3279953858,1.04895E+11,95284856421,91272368460,72945513944,1880415183,277478746,906798437,635130809,308425271,4.78,13.3,3.76,5.81,4.59,85.16,,31.85,8451946288,9,51,49,NMB Capital Limited,FALSE,FALSE,3215345870,409.2,511838986.6,12.55,130.69,29.64,2.36,3/15/26 21:37,,,,,,,,,,,,,,,,,,,,,,,,,,,,,,40967834,,,,,,,,,,,,,,,,,,,,,,,,,,,,,,,,,,,,,,,,,,,,,,,,,,,,,,,,,,,,,,,,,,,,,,,,,,,,,,,,,,,,,,,,,,,,,,,,,,,,,,,,,,,,,,,,,,,,,,,,,,,,,,,,,,,,,,,,,,,,,,,,,,,,,,,,,,,,,,,,,,,,,,,
TAMOR,276,429,5.43,10.86,,115.57,9.4,2.57,3332500000,,,14110082972,,300801212,,,,,181010566,,,,,,,,,31.29,1268848958,9,68,32,Prabhu Capital Limited,FALSE,FALSE,733046280,333.6,23624328,431.55,245.92,36.88,0.09,3/15/26 21:36,,,,,,,,,,,,,,,,,,,,,,,,,,,,,,,,,,,,,,,,,,,,,,,,,,,,,,,,,,,,,,,,,,,,,,,,,,,,,,,,,,,,,,,,,,,,,,,,,,,,,,,,,,,,,,,,,,,,,,,,,,,,,,,,,,,,,,,,,,,,,,,,,,,,,,,,,,,,,,,,,,,,,,,,,,,,,,,,,,,,,,,,,,,,,,,,,,,,,
MLBL,32,394,14.24,1.62,,165.48,8.62,0.95,4296458158,249677704,2563603801,63189698613,56079958950,53708463473,41145506605,1092070287,88119559,478429072,305931089,34854796,6.1,17.32,3.91,6.1,4.37,85.3,,30.86,32251055000,1,59.23,40.77,Everest Bank Limited,FALSE,FALSE,12944694000,404.07,2074763000,2.04,75.46,22.97,11.25,3/15/26 21:37,,,,,,,,,,,,,,,,,,,10346556000,,,,,,,,,,,238470000,,,,,,,,,,,,,,,,,,,,,,,,,,,,,,,,,,,,,,,,,,,,,,,,,,,,,,,,,,,,,,,,,,,,,,,,,,,,,,,,,,,,,,,,,,,,,,,,,,,,,,,,,,,,,,,,,,,,,,,,,,,,,,,,,,,,,,,,,,,,,,,,,,,,,,,,,,,,,,,,,,,,,,,
MCHL,290,427,5.29,5.29,,-21.92,-24.12,2.09,542583300,,,1375684766,,1021391,,,,,14347144,,,,,,,,,27.99,715939420,9,68,32,RBB Merchant Banking Limited,FALSE,FALSE,266424390,411.38,43162070,-13.61,291.37,57.52,-4.23,3/15/26 21:37,,,,,,,,,,,,,,,,,,,,,,,,,,,,,,,,,,,,,,,,,,,,,,,,,,,,,,,,,,,,,,,,,,,,,,,,,,,,,,,,,,,,,,,,,,,,,,,,,,,,,,,,,,,,,,,,,,,,,,,,,,,,,,,,,,,,,,,,,,,,,,,,,,,,,,,,,,,,,,,,,,,,,,,,,,,,,,,,,,,,,,,,,,,,,,,,,,,,,
SHINE,39,435.5,16.1,6.37,,146.6,10.97,0.99,5021972730,160022077,2180461063,82553185040,75190729170,73214082760,59538690167,1284087143,150709189,605840234,315780356,160022077,4.75,13.08,4.23,6.13,4.19,84.77,,27.35,21186269000,1,73,27,Standard Chartered Bank Nepal Limited,FALSE,FALSE,10042368000,360.34,1640630000,-16.29,85.1,24.39,-1.5,3/15/26 21:37,,,,,,,,,,,,,,,,,,,14759022000,,,,,,,,,,,,,,,,,,,,,,,,,,,,,,,,,,,,,,,,,,,,,,,,,,,,,,,,,,,,,,,,,,,,,,,,,,,,,,,,,,,,,,,,,,,,,,,,,,,,,,,,,,,,,,,,,,,,,,,,,,,,,,,,,,,,,,,,,,,,,,,,,,,,,,,,,,,,,,,,,,,,,,,,,,,,,,,,,,
ILI,309,458,10.83,10.83,,129.16,8.38,2.35,5000000000,,,23038519586,16580446480,,,,,,270658525,,,,,,,,,26.24,570798833,9,51,49,Century Capital Market Limited,FALSE,FALSE,319818200,289.77,26063911,71.67,224.43,35.83,0.5,3/15/26 21:37,,,,,,,,,,,,,,,,,,,,,,,,,,,,,,45543048,,,,,,,,,,,,,,,,,,,,,,,,,,,,,,,,,,,,,,,,,,,,,,,,,,,,,,,,,,,,,,,,,,,,,,,,,,,,,,,,,,,,,,,,,,,,,,,,,,,,,,,,,,,,,,,,,,,,,,,,,,,,,,,,,,,,,,,,,,,,,,,,,,,,,,,,,,,,,,,,,,,,,,,
KSBBL,37,489,20.43,15.32,,158.07,12.93,1.1,3861930815,295766904,1946808335,72026358818,65921852765,63624322919,52108240714,1211468799,158651463,567216959,394550569,295766904,4.1,15.57,4.25,6.17,4.17,86.77,,26.09,738602561,9,65,35,NMB Capital Limited,FALSE,FALSE,407692305,310.94,42155186,38.77,205.53,36.41,0.94,3/15/26 21:37,,,,,,,,,,,,,,,,,,,,,,,,,,,,,,,,,,,,,,,,,,,,,,,,,,,,,,,,,,,,,,,,,,,,,,,,,,,,,,,,,,,,,,,,,,,,,,,,,,,,,,,,,,,,,,,,,,,,,,,,,,,,,,,,,,,,,,,,,,,,,,,,,,,,,,,,,,,,,,,,,,,,,,,,,,,,,,,,,,,,,,,,,,,,,,,,,,,,,
RNLI,349,490,15.24,15.24,,144.97,10.51,3.37,5196800000,,,23470420012,15936719437,,,,,,395878903,,,,,,,,,24.55,1108375238,9,67.28,32.32,NIMB Ace Capital Limited,FALSE,FALSE,700858345,295.42,61717600.88,39.39,204.61,36.66,0.93,3/15/26 21:37,,,,,,,,,,,,,,,,,,,,,,,,,,,,,,,,,,,,,,,,,,,,,,,,,,,,,,,,,,,,,,,,,,,,,,,,,,,,,,,,,,,,,,,,,,,,,,,,,,,,,,,,,,,,,,,,,,,,,,,,,,,,,,,,,,,,,,,,,,,,,,,,,,,,,,,,,,,,,,,,,,,,,,,,,,,,,,,,,,,,,,,,,,,,,,,,,,,,,
SADBL,38,441,16.21,5.07,,153.24,10.68,0.96,3734068506,94661157,1893327821,63403926813,57681869330,54392446625,44408323930,1088072451,120053012,451313254,302597838,94661157,6.87,14.12,4.11,6.17,4.57,83.55,,24.31,4457935148,8,58,42,Nabil Investment Banking Limited,FALSE,FALSE,3073401810,257.12,404919375,10.73,366.7,49.36,4.6,3/15/26 21:37,,,,,,,,78571820,42812846,,3/21/06,3/21/03,,,,,,,,,,,,,,,,,,,,,,,,40411838,,,181263696,,,,,,,,,,,,,,,,,,,,,,,601636328,,,,,,,,,,,,,,,,,,,,,,1021872750,40183815,926967,,,,,,,,567022329,1138437760,1988859900,131173107,769852963,77268269,203312877,633063947,5168267364,3233088224,559482437,1169406836,280770163,627613,,153268954,,,,,,,,,,,,,,,,,,,,,,,,,50885876,239695959,197529897,,,,,,,,,,,,,,,,,,,,,,,,,,,,,,,,,,,,,,,,,,,,,,,,,,,,,,,,,,,,,
NABIL,2,530.5,35.04,22.5,,235.64,14.54,1.43,32056997000,3273032000,33428056000,6.97026E+11,6.28268E+11,5.66059E+11,4.34739E+12,8087288000,1611327000,6572698000,4759641000,3273032000,0.88,12.77,3.62,5.04,3.54,78.12,,23.61,2428239718,3,51,49,NIBL Ace Capital Limited,FALSE,FALSE,946115200,369.24,10489744,964.93,86.03,29.09,0.03,3/15/26 21:37,,,,,,,,,,,,,,,,,,,219914353,,,,,,,,,,,2475548,,,,,,,,,,,,,,,,,,,,,,,,,,,,,,,,,,,,,,,,,,,,,,,,,,,,,,,,,,,,,,,,,,,,,,,,,,,,,,,,,,,,,,,,,,,,,,,,,,,,,,,,,,,,,,,,,,,,,,,,,,,,,,,,,,,,,,,,,,,,,,,,,,,,,,,,,,,,,,,,,,,,,,,
SJLIC,279,461.9,8.06,8.06,,123.33,6.53,0.74,5011947797,,,54458473179,48277250328,,,,,,201873791,,,,,,,,,21.1,9609727496,2,51,49,NIBL Ace Capital Limited,FALSE,FALSE,5680517330,275.26,549266308,15.63,53.68,20.05,1.28,3/15/26 21:37,,,,,,,,,,,,,,,,,,,3564112325,,,,,,,,,,,,,,,,,,,,,,,,,,,,,,,,,,,,,,,,,,,,,,,,,,,,,,,,,,,,,,,,,,,,,,,,,,,,,,,,,,,,,,,,,,,,,,,,,,,,,,,,,,,,,,,,,,,,,,,,,,,,,,,,,,,,,,,,,,,,,,,,,,,,,,,,,,,,,,,,,,,,,,,,,,,,,,,,,,
ALICL,114,476.4,10.54,10.54,,128.73,8.19,0.89,5001159208,,,59127423131,52689268116,,,,,,263563457,,,,,,,,,20.61,9869814243,8,87.0968,10.9,,FALSE,FALSE,4975500000,295.98,241405376,123.01,204.78,43.77,0.36,3/15/26 21:37,,,,,,,,133243349,,,3/11/27,3/18/24,,,,2,,,,,,,,,,,,,,,,,,,,627703678,4317734630,,126164036,,,,,,,,,119788044,,,,,,,,,,,,,,643733561,,,,,,,,,,,,,,,,,,,,,,8844666830,,7516226,,,,,,,,2036123822,3235574913,106626824,49361963,4308685057,696510377,311419036,5076971482,15643296103,4082583862,3038570829,1044013033,259609045,127215122,,,,,,,,,,,,,,,,,,,,,,,,68806700,,,12402560,203971851,,,,,,,,,,,,,,,,,,,,,,,,,,,,,,,,,,,,,,,,,,,,,,,,,,,,,,,,,,,,,,
SNLI,350,485,11.3,11.3,,147.28,7.7,3.04,5031232000,,,18790573897,11380411973,,,,,,285415398,,,,,,,,,20.54,23413382583,1,51,49,Sanima Capital Limited,FALSE,FALSE,13581525410,282.26,1192311288,16.67,25.06,17.19,1.03,3/15/26 21:37,,,,,,,,,,,,,,,,,,,7920531966,,,,,,,,,,,,,,,,,,,,,,,,,,,,,,,,,,,,,,,,,,,,,,,,,,,,,,,,,,,,,,,,,,,,,,,,,,,,,,,,,,,,,,,,,,,,,,,,,,,,,,,,,,,,,,,,,,,,,,,,,,,,,,,,,,,,,,,,,,,,,,,,,,,,,,,,,,,,,,,,,,,,,,,,,,,,,,,,,,
CLI,352,484.2,9.26,9.26,,126.52,7.32,1.55,5000000000,,,29884235206,23558064108,,,,,,231529464,,,,,,,,,20.43,6104506054,2,51,49,BOK Capital Market Limited,FALSE,FALSE,3861930815,269.56,322493214,22.34,81.41,23.94,1.07,3/15/26 21:37,,,,,,,,,,,,,,,,,,,1626753318,,,,,,,,,,,,,,,,,,,,,,,,,,,,,,,,,,,,,,,,,,,,,,,,,,,,,,,,,,,,,,,,,,,,,,,,,,,,,,,,,,,,,,,,,,,,,,,,,,,,,,,,,,,,,,,,,,,,,,,,,,,,,,,,,,,,,,,,,,,,,,,,,,,,,,,,,,,,,,,,,,,,,,,,,,,,,,,,,,
SONA,362,457.1,1.54,3.09,,191.42,1.61,0.64,3075050000,,,14769483744,,,,,,317394636,47503796,,,,,,,,,20.03,2369189037,3,51,49,NIBL Ace Capital Limited,FALSE,FALSE,1351552850,281.07,117079558,15.63,204.52,42.73,2.73,3/15/26 21:37,,,,,,,,,,,,,,,,,,,770723314,,,,,,,,,,,,,,,,,,,,,,,,,,,,,,,,,,,,,,,,,,,,,,,,,,,,,,,,,,,,,,,,,,,,,,,,,,,,,,,,,,,,,,,,,,,,,,,,,,,,,,,,,,,,,,,,,,,,,,,,,,,,,,,,,,,,,,,,,,,,,,,,,,,,,,,,,,,,,,,,,,,,,,,,,,,,,,,,,,
LBBL,30,504,15.75,12.14,,196.98,8,0.85,3623678162,312202844,3202148356,66064634175,58926604814,55590150850,46290467886,947228933,78498716,416604545,285377308,312202844,6.78,14.03,4.55,6.33,3.98,85.98,,19.94,973934845,5,80,10,NIC Asia Capital Limited,FALSE,FALSE,748400000,241.63,72391922,3.05,238.32,41,13.43,3/15/26 21:37,225534845,1196232470,,254577860,36043392,,129929682,4979212,33259874,36455152,9/27/26,10/11/23,9.5,219400000,,10,4947955,38295307,,,,,,,,,,,,,,,,,,,,,,,,,,,,,,,,,,,,,,,,,,,,,,,,,,,,,,,,,,,,,,,,,,,,,,,,1538005,,,,,,,,,,,,,,,,,,,,,,,,,,,,,,,,,,,,,,,,,,,,,,,,,,,,,,,,,,,,,,,,,,,,,,,,,,,,,,,,,,,,,,,,,,,,,,,,,,,,,,,,,,,
MAKAR,274,552,10.53,21.06,,114.85,18.33,5.76,760000000,,,2777171804,,90346386,,,,,80014741,,,,,,,,,19.78,3824309219,9,70,30,Himalayan Capital Limited,FALSE,FALSE,1656625000,311.86,80720480,113.86,146.91,38.93,0.34,3/15/26 21:37,,,,,,,,,,,,,,,,,,,,,,,,,,,,,,868762,,,,,,,,,,,,,,,,,,,,,,,,,,,,,,,,,,,,,,,,,,,,,,,,,,,,,,,,,,,,,,,,,,,,,,,,,,,,,,,,,,,,,,,,,,,,,,,,,,,,,,,,,,,,,,,,,,,,,,,,,,,,,,,,,,,,,,,,,,,,,,,,,,,,,,,,,,,,,,,,,,,,,,,
MEHL,351,478.8,2.33,4.66,,62.93,7.41,2.91,800000000,,,1282458556,,12309403,,,,,18646932,,,,,,,,,19.5,34742103644,1,51,49,Civil Capital Market Limited,FALSE,FALSE,19402575720,269.71,1869950352,9.27,-6.57,12.92,1.39,3/15/26 21:37,,,,,,,,,,,,,,,,,,,8240081489,,,,,,,,,,,,,,,,,,,,,,,,,,,,,,,,,,,,,,,,,,,,,,,,,,,,,,,,,,,,,,,,,,,,,,,,,,,,,,,,,,,,,,,,,,,,,,,,,,,,,,,,,,,,,,,,,,,,,,,,,,,,,,,,,,,,,,,,,,,,,,,,,,,,,,,,,,,,,,,,,,,,,,,,,,,,,,,,,,
SMJC,273,494,3.97,3.97,,107.73,3.58,1.83,1173200000,,,2468904851,,31585615,,,,,22593609,,,,,,,,,18.93,21046377150,1,70,30,Nepal SBI Merchant Banking Limited,FALSE,FALSE,10899158068,286.79,900281052,14.56,46.1,22.13,1.52,3/15/26 21:37,,,,,,,,,,,,,,,,,,,6532446712,,,,,,,,,,,,,,,,,,,,,,,,,,,,,,,,,,,,,,,,,,,,,,,,,,,,,,,,,,,,,,,,,,,,,,,,,,,,,,,,,,,,,,,,,,,,,,,,,,,,,,,,,,,,,,,,,,,,,,,,,,,,,,,,,,,,,,,,,,,,,,,,,,,,,,,,,,,,,,,,,,,,,,,,,,,,,,,,,,
PMLI,447,514,5.02,5.02,,113.02,4.44,1.16,5307793920,,,22865562176,16866456559,,,,,,133159603,,,,,,,,,18.38,238416073.8,9,68,32,None,FALSE,FALSE,133100000,272.17,2081129,487.73,396,73.45,0.15,3/15/26 21:37,,,,,,,,,,,,,,,,,,,,,,,,,,,,,,,,,,,,,,,,,,,,,,,,,,,,,,,,,,,,,,,,,,,,,,,,,,,,,,,,,,,,,,,,,,,,,,,,,,,,,,,,,,,,,,,,,,,,,,,,,,,,,,,,,,,,,,,,,,,,,,,,,,,,,,,,,,,,,,,,,,,,,,,,,,,,,,,,,,,,,,,,,,,,,,,,,,,,,
MMKJL,369,578,8.57,17.13,,97.85,17.47,5.47,1000000000,,,3133998740,,207968517,,,,,85656993,,,,,,,,,17.98,31249886772,1,51,49,Siddhartha Capital Limited,FALSE,FALSE,14089980190,292.32,530229471,150.2,36.66,22.22,0.15,3/15/26 21:37,,,,,,,,,,,,,,,,,,,8460430849,,,,,,,,,,,,,,,,,,,,,,,,,,,,,,,,,,,,,,,,,,,,,,,,,,,,,,,,,,,,,,,,,,,,,,,,,,,,,,,,,,,,,,,,,,,,,,,,,,,,,,,,,,,,,,,,,,,,,,,,,,,,,,,,,,,,,,,,,,,,,,,,,,,,,,,,,,,,,,,,,,,,,,,,,,,,,,,,,,
SHL,193,511.6,3.4,3.4,,28.75,23.66,18.23,1021862690,,,3813141807,,,,,,,347568702,,,,,,,,,17.33,1040930281,5,56.93,43.01,Nepal SBI Merchant Banking Ltd,FALSE,FALSE,880000000,214.77,,,286.42,47.89,,3/15/26 21:37,160930281,1519243510,,280927820,198472680,2477718650,110746430,11553720,24765350,34071730,12/11/25,7/17/25,7.6,,,,,,,,,,,,,,,,,,,,,,,,,,,,,,,,,,,,,,,,,,,,,,,,,,,,,,,,,,,,,,,,,,,,,,,,,,,,,,2232530,,13786260,,,,,,,,,,,,,,,,,,,,,,,,,,,,,,,,,,,,,,,,,,,,,,,,,,,,,,,,,,,,,,,,,,,,,,,,,,,,,,,110746430,,,,,,,,,,,,,,,,,,82455140,,,,,,,
SMH,269,637.1,12.88,25.76,,128.99,22.13,10.16,535000000,,,1356310735,,17545017,,,,,68900044,,,,,,,,,17.12,896554810,9,63.87,36.13,RBB Merchant Banking Limited,FALSE,FALSE,629051560,228.66,-15683770,-460.48,263.77,48.59,-0.11,3/15/26 21:37,,,,,,,,,,,,,,,,,,,,,,,,,,,,,,,,,,,,,,,,,,,,,,,,,,,,,,,,,,,,,,,,,,,,,,,,,,,,,,,,,,,,,,,,,,,,,,,,,,,,,,,,,,,,,,,,,,,,,,,,,,,,,,,,,,,,,,,,,,,,,,,,,,,,,,,,,,,,,,,,,,,,,,,,,,,,,,,,,,,,,,,,,,,,,,,,,,,,,
DOLTI,281,525,1.63,3.25,,59.55,5.46,1.66,536486000,,,1051248384,,1685666,,,,,8723691,,,,,,,,,17.1,32661894000,1,51,49,NMB Capital Limited,FALSE,FALSE,18366706000,254.81,2003540000,-17.71,0.47,14.97,-0.85,3/15/26 21:37,,,,,,,,,,,,,,,,,,,11326026000,,,,,,,,,,,,,,,,,,,,,,,,,,,,,,,,,,,,,,,,,,,,,,,,,,,,,,,,,,,,,,,,,,,,,,,,,,,,,,,,,,,,,,,,,,,,,,,,,,,,,,,,,,,,,,,,,,,,,,,,,,,,,,,,,,,,,,,,,,,,,,,,,,,,,,,,,,,,,,,,,,,,,,,,,,,,,,,,,,
IHL,284,536,4.5,4.5,,98.02,4.59,1.11,600000000,,,2434780137,,,,,,,13511815,,,,,,,,,17.06,66813376000,1,51,49,Global IME Capital Limited,FALSE,FALSE,38115853000,259.39,3053489000,6.5,-5.82,14.32,2.2,3/15/26 21:37,,,,,,,,,,,,,,,,,,,16169007000,,,,,,,,,,,,,,,,,,,,,,,,,,,,,,,,,,,,,,,,,,,,,,,,,,,,,,,,,,,,,,,,,,,,,,,,,,,,,,,,,,,,,,,,,,,,,,,,,,,,,,,,,,,,,,,,,,,,,,,,,,,,,,,,,,,,,,,,,,,,,,,,,,,,,,,,,,,,,,,,,,,,,,,,,,,,,,,,,,
NICL,123,516.5,0.39,0.39,,170.11,0.23,0.13,2548575005,,,7595497704,3260087436,,,,,,4958472,,,,,,,,,17.04,393435348,9,70,30,Unnati Sahakarya Laghubitta Bittiya Sanstha Limited,FALSE,FALSE,246865736.3,247.19,6383221.71,229.59,496.3,86.5,0.38,3/15/26 21:37,,,,,,,,,,,,,,,,,,,,,,,,,,,,,,,,,,,,,,,,,,,,,,,,,,,,,,,,,,,,,,,,,,,,,,,,,,,,,,,,,,,,,,,,,,,,,,,,,,,,,,,,,,,,,,,,,,,,,,,,,,,,,,,,,,,,,,,,,,,,,,,,,,,,,,,,,,,,,,,,,,,,,,,,,,,,,,,,,,,,,,,,,,,,,,,,,,,,,6.6
BEDC,282,540,0.54,2.17,,48.52,2.23,0.7,544053400,,,841642092,,314807,,,,,2946172,,,,,,,,,16.8,12108710000,2,51,49,Muktinath Capital Limited,FALSE,FALSE,7046938000,239.19,503122000,33.57,63.47,23.27,0.69,3/15/26 21:37,,,,,,,,,,,,,,,,,,,882986000,,,,,,,,,,,,,,,,,,,,,,,,,,,,,,,,,,,,,,,,,,,,,,,,,,,,,,,,,,,,,,,,,,,,,,,,,,,,,,,,,,,,,,,,,,,,,,,,,,,,,,,,,,,,,,,,,,,,,,,,,,,,,,,,,,,,,,,,,,,,,,,,,,,,,,,,,,,,,,,,,,,,,,,,,,,,,,,,,,
BHCL,652,587,5.52,11.05,,107.34,10.29,7.88,909101300,,,1275261646,,87094775,,,,,50215781,,,,,,,,,16.73,19535299012,1,51,49,Machhapuchchhre Bank Limited,FALSE,FALSE,12086211560,246.64,807327235,25.25,3.59,15.27,0.6,3/15/26 21:37,,,,,,,,,,,,,,,,,,,6231337939,,,,,,,,,,,30881765,,,,,,,,,,,,,,,,,,,,,,,,,,,,,,,,,,,,,,,,,,,,,,,,,,,,,,,,,,,,,,,,,,,,,,,,,,,,,,,,,,,,,,,,,,,,,,,,,,,,,,,,,,,,,,,,,,,,,,,,,,,,,,,,,,,,,,,,,,,,,,,,,,,,,,,,,,,,,,,,,,,,,,,
HEI,261,542,1.26,1.26,,209.67,0.6,0.26,2500157400,,,12337298006,7095305020,,,,,,15755111,,,,,,,,,16.21,5722057484,2,51,49,NIBL Ace Capital Limited,FALSE,FALSE,3556255720,236.41,196561300,53.95,86.54,27.21,0.5,3/15/26 21:37,,,,,,,,,,,,,,,,,,,1576651046,,,,,,,,,,,,,,,,,,,,,,,,,,,,,,,,,,,,,,,,,,,,,,,,,,,,,,,,,,,,,,,,,,,,,,,,,,,,,,,,,,,,,,,,,,,,,,,,,,,,,,,,,,,,,,,,,,,,,,,,,,,,,,,,,,,,,,,,,,,,,,,,,,,,,,,,,,,,,,,,,,,,,,,,,,,,,,,,,,
EDBL,29,613,14.17,12.83,,177.95,4.1,0.45,1249694471,93226157.16,871793339.9,19833614600,17609825162,17102473828,12434382018,268819741.4,39921793.02,131048170.8,88536725.32,93226157.15,7.07,13.68,3.42,5.98,4.57,75.87,,16.1,7362455870,2,51,49,NIBL Ace Capital Limited,FALSE,FALSE,4875701680,230.45,330856563,-4.56,88.98,27.05,-5.94,3/15/26 21:37,,,,,,,,,,,,,,,,,,,1188414593,,,,,,,,,,,,,,,,,,,,,,,,,,,,,,,,,,,,,,,,,,,,,,,,,,,,,,,,,,,,,,,,,,,,,,,,,,,,,,,,,,,,,,,,,,,,,,,,,,,,,,,,,,,,,,,,,,,,,,,,,,,,,,,,,,,,,,,,,,,,,,,,,,,,,,,,,,,,,,,,,,,,,,,,,,,,,,,,,,
EBL,6,709,30.86,31.93,,235.15,13.19,1.15,13721376000,3342831000,14948378000,3.74683E+11,3.42431E+11,3.04959E+11,2.36427E+11,4572941000,920954000,3171646000,2117116000,3342831000,0.68,12.27,3.45,4.73,3.24,80.19,,16.08,9320270889,8,89.86,10.14,Global IME Capital Limited,FALSE,FALSE,1900000000,421.28,,,122.96,58.41,,3/15/26 21:37,,,,,,,,-199890045.5,,,1/2/28,2/13/26,,,,,,,,,,,,,,,,,,,,,,,,248424266,2628411692,,975275881.4,,,,,,,,,17069720.55,,,,,,,,,,,,,,165182789.1,,,,,,,,,,,,,,,,,,,,,,9464161214,,,,,,,,,,2094770425,1315268371,56795782.1,236601961.5,7420270889,2909196027,249523674.9,2339362104,14568829021,4790291164,-4190901082,599390082.1,-86693685.82,-164665556.6,,-27747374.61,,,,,,,,,,,,,,,,,,,,,,2628411692,,,3045925.01,16550045.41,,,,,,,,,,,,,,,,,,,,,,,,,,,,,,,,,,,,,,,,,,,,,,,,,,,,,,,,,,,,,,
NLICL,111,610,11.07,11.07,,127.64,5.9,0.52,5691649325,,,1.19009E+11,1.08535E+11,,,,,,308941294,,,,,,,,,15.75,7138029361,2,51,49,Muktinath Capital Limited,FALSE,FALSE,3623678160,264.21,147618996,93.32,90.76,32,0.34,3/15/26 21:37,,,,,,,,,,,,,,,,,,,250379400,,,,,,,,,,,,,,,,,,,,,,,,,,,,,,,,,,,,,,,,,,,,,,,,,,,,,,,,,,,,,,,,,,,,,,,,,,,,,,,,,,,,,,,,,,,,,,,,,,,,,,,,,,,,,,,,,,,,,,,,,,,,,,,,,,,,,,,,,,,,,,,,,,,,,,,,,,,,,,,,,,,,,,,,,,,,,,,,,,
GFCL,48,686.9,23.61,23.61,,256.65,9.2,1.38,946115200,-569240255,2048853225,1616191258,13733951539,12729745599,8435277236,304998806,26351907,158869308,111708620,,6.7,11.15,5.52,7.5,4.44,72.24,,15.46,10666455271,9,70,30,Sunrise Capital Limited,FALSE,FALSE,4312621514,274.41,517755407.7,-26.42,191.02,51.66,-1.96,3/15/26 21:37,,,,,,,,,,,,,,,,,,,31165496857,,,,,,,,,,,18269713.6,,,,,,,,,,,,,,,,,,,,,,,,,,,,,,,,,,,,,,,,,,,,,,,,,,,,,,,,,,,,,,,,,,,,,,,,,,,,,,,,,,,,,,,,,,,,,,,,,,,,,,,,,,,,,,,,,,,,,,,,,,,,,,,,,,,,,,,,,,,,,,,,,,,,,,,,,,,,,,,,,,,,,,,
SCB,3,667,27.35,17.29,,211,12.61,1.66,10042368000,912547000,10231354000,1.68355E+11,1.47169E+11,1.37427E+11,68542328000,1974216000,775724000,1966434000,1373324000,912547000,1.88,17.72,2.71,4.76,3.35,59.99,,15.31,828850905,9,70,30,Laxmi Capital Market Limited,FALSE,FALSE,441662100,254.26,17591349,92.23,299.99,66.43,0.72,3/15/26 21:37,,,,,,,,,,,,,,,,,,,5897418810,,,,,,,,,,,,,,,,,,,,,,,,,,,,,,,,,,,,,,,,,,,,,,,,,,,,,,,,,,,,,,,,,,,,,,,,,,,,,,,,,,,,,,,,,,,,,,,,,,,,,,,,,,,,,,,,,,,,,,,,,,,,,,,,,,,,,,,,,,,,,,,,,,,,,,,,,,,,,,,,,,,,,,,,,,,,,,,,,,
NMLBBL,633,650,11.18,11.28,,212.76,5.26,0.73,1397764272,157716756,1418386346,21411950485,18438083111,6656501228,19883507994,681075048,92692328,108539683,78150519,157716756,25.75,9.08,6.03,12.36,8.76,118.34,,15.24,7533700575,7,70,30,,FALSE,FALSE,5196800000,222.96,350390402,12.98,119.77,32.15,2.48,3/15/26 21:37,,,21089924255,,,18031802,,,,,,,,,,,,,,3321032,222558721,200000000,,678776598,33111094,423845111,1507883,413637059,385706456,1391637455,269380180,616682141,59200799,49596225,15406928667,47597199,,163888127,257445823,23470420012,3096613017,2937341479,,8112507,47732883,744620926,1028083,4396836,3572126839,684030703,-102254478,1876158980,2457935205,284536206,23224598,222492135,18793331,157434688,5743342,3170159505,401967334,401967334,-6088431,395878903,-18194801,377684102,,,30.43,144.97,14876179,1086543807,365474944,2010069210,1933,1633,16344724255,4745200000,451.63,,,,,,,,,,,,,,,,,,,,,,,,,,,,,,,,,,,,,,,,,,,,,,,,,11263395,-171105876,,,,,,,,,,,,,,,,,,,,,,,,,,,,,,,,,,,,,,,,,,,,,,,,,,,,,,,,,,,,,,,,,,,,
SALICO,291,611.6,2.85,2.85,,227.43,1.25,0.48,2622638200,,,15519963562,9555184477,,,,,,37344985,,,,,,,,,14.83,1294088229,9,51,49,BOK Capital Market Limited,FALSE,FALSE,1034064417,204.35,44182010,73.54,234.23,46.06,0.63,3/15/26 21:37,,,,,,,,,,,,,,,,,,,5313019514,,,,,,,,,,,,,,,,,,,,,,,,,,,,,,,,,,,,,,,,,,,,,,,,,,,,,,,,,,,,,,,,,,,,,,,,,,,,,,,,,,,,,,,,,,,,,,,,,,,,,,,,,,,,,,,,,,,,,,,,,,,,,,,,,,,,,,,,,,,,,,,,,,,,,,,,,,,,,,,,,,,,,,,,,,,,,,,,,,
SIFC,50,603,2.24,0.41,,136.25,1.79,0.24,1000000000,4069733,358385851,10168408491,8805952907,8174861443,6076778219,114969526,9009281,17376490,12163543,4069733,3.83,17.64,5.87,7.46,3.84,75.26,,14.4,3454751596,10,51,49,Prabhu Capital Limited,FALSE,FALSE,1700955920,256.53,120049850,2.01,196.65,52.85,26.32,3/15/26 21:37,,,1359507054,,,574172477,,,,,,,,,,,,,,18596,106443384,,,,2416935306,,1495536007,375013852,1295338209,,107398162,199493808,161290924,113386096,3291032332,2636979,,96182019,86704529,7658997305,602661322,306248854,126100959,1067807,,49129034,-871177,5116800,488323862,,-94098268,330855613,,15576310,4199192,118565869,17056739,27426782,1679827,313381194,174942668,174942668,-52482800,,,,50.82,20.32,,,,,,,,,582557054,776950000,,,,,,,,,,,,,,,,,,,,,,,,,,,,,,,,,,,,,,,,,,,,,,,,14903711,,608948237,,,,,,,,,1700955920,1285612782,-296412468,196181959,-304062829,128876475,203.11,54178,23051,5359,1920,,,,,,,,,,,,,,,,,,,,,,,,,,5355517,,,21128708,,,,,,,,,1531585,,,,,,,,,,,,
RSDC,84,683,14.83,12.8,,125.15,11.85,2.4,1034064417,66854362,193169450,6400793077,5106704848,,13959317,107624885,2460444,109604558,76672479,66869052,2.84,22.65,5.5,6.43,1.72,105.97,,14.24,7109739664,2,51,49,Siddhartha Capital Limited,FALSE,FALSE,4296458158,230.26,287499937,6.41,71.11,27.67,4.32,3/15/26 21:37,,,,,,,,,,,,,,,,,,,3051250824,,,,,,,,,,,,,,,,,,,,,,,,,,,,,,,,,,,,,,,,,,,,,,,,,,,,,,,,,,,,,,,,,,,,,,,,,,,,,,,,,,,,,,,,,,,,,,,,,,,,,,,,,,,,,,,,,,,,,,,,,,,,,,,,,,,,,,,,,,,,,,,,,,,,,,,,,,,,,,,,,,,,,,,,,,,,,,,,,,
CKHL,445,708.5,8.77,17.54,,95.71,18.33,5.83,400000000,,,1203488110,,20503394,,,,,35084612,,,,,,,,,14.17,2223789438,2,51,49,NIBL Ace Capital Limited,FALSE,FALSE,1249694470,238.19,-90535302.17,-197.79,157.36,43.26,-0.22,3/15/26 21:37,,,,,,,,,,,,,,,,,,,122388264.4,,,,,,,,,,,9075470.15,,,,,,,,,,,,,,,,,,,,,,,,,,,,,,,,,,,,,,,,,,,,,,,,,,,,,,,,,,,,,,,,,,,,,,,,,,,,,,,,,,,,,,,,,,,,,,,,,,,,,,,,,,,,,,,,,,,,,,,,,,,,,,,,,,,,,,,,,,,,,,,,,,,,,,,,,,,,,,,,,,,,,,,
BUNGAL,650,655.2,3.34,6.68,,88.61,7.54,1.82,830000000,,,3047693565,,17608319,,,,,27739361,,,,,,,,,13.88,2210541731,9,51,49,Global IME Capital Limited,FALSE,FALSE,1419000000,220.57,79553878,23.83,235.04,53.24,2.23,3/15/26 21:37,,,,,,,,,,,,,,,,,,,,,,,,,,,,,,,,,,,,,,,,,,,,,,,,,,,,,,,,,,,,,,,,,,,,,,,,,,,,,,,,,,,,,,,,,,,,,,,,,,,,,,,,,,,,,,,,,,,,,,,,,,,,,,,,,,,,,,,,,,,,,,,,,,,,,,,,,,,,,,,,,,,,,,,,,,,,,,,,,,,,,,,,,,,,,,,,,,,,,
MDB,31,665,9.37,7.76,,135.98,6.75,1.23,1217100000,67906003,370020366,10159718584,8504692215,8389979974,6562512515,144603915,20026745,81436618,57005633,67906003,0.45,16.81,4.74,6.48,4.36,84.37,,26.85,2083946323,5,88,10,NIMB Ace Capital Limited,FALSE,FALSE,1363637000,214.89,162087665,12.96,285.59,61.7,4.76,3/15/26 21:37,549711258,3013045955,400000000,436177554,320801548,,396442152,5249938,72649233,96094494,9/10/26,10/10/23,22,182700000,,2,282786,3575,,,,,,,,,,,,,,,,,,,,,,,,,,,,,,,,,,,,,,,,,,,,,,,,,,,,,,,,,,,,,,302333539,,,,,,,,,,,,,17448684,,,,,,,,,,,,,,,,,,,,,,,,,,,,,,,,,,,,,,,,,,,,,,,,,,,,,,,,,,,,,,,,,,,,,,,,,,,,,,,,,,,,,,,,,,,,,,,,,,,,,,,,
SKBBL,68,798.6,15.46,29.79,,216.48,7.14,1.9,4927170079,1467895531,4253119947,40092180892,29425725621,4761865916,81501635.09,654335011.6,,544222690.2,380955883.1,1467895531,4,18.83,2.72,3.58,3.29,112.88,,25.76,622806908,5,80,10,Sanima  Capital Limited,FALSE,FALSE,535000000,193.34,35415459.44,94.55,229.52,49.46,0.52,3/15/26 21:37,127806908,689700000,,84608673,3803828,,198698280,7132151,47467005,58743998,2/16/26,3/20/23,7.8,190800000,,10,2712501,11143440,,,,,,,,,,,,,,,,,,,,,,,,,,,,,,,,,,,,,,,,,,,,,,,,,,,,,,,,,,,,,,,,,,,,,,,,1420327,,,,,,,,,,,,,,,,,,,,,,,,,,,,,,,,,,,,,,,,,,,,,,,,,,,,,,,,,,,,,,,,,,,,,,,,,,,,,,,,,,,,,,,,,,,,,,,,,,,,,,,,,,,
NTC,197,887.9,46.27,46.27,,539.51,8.58,6.17,18000000000,,,1.34987E+11,,,,,,,4164510000,,,,,,,,,11.92,17065239905,11,70,30,,FALSE,FALSE,10868000000,205.21,616967526,4.94,329.8,73.99,14.97,3/15/26 21:37,,,16595026692,,,,,,22626405,,,,,,,,,,,,,,,,,,,,,,,,,22218178,,,,,,25542735329,,,,,,,,5711666,3719342110,,,,,,,,,,,,,,,,-553849644,,,,,,,,,,,,,,,,,,,86579058,,,,,,,,,,,,,,,,,,,,,,,,,,,,,,,,,,,,,,,,,,500577678,,,,,,1056050,,,,,,,,,,,,,,,,,,,,,,,,,,,,,1223262273,8477495424,3240861908,2656675965,1062666144,93617127,,,,,,,,,,,,,,,,,,,,,,,,,,,,,,,
NIL,129,661,0.8,0.8,,233.35,2.99,1.54,2691532328,,,12208852160,5928231038,,,,,,93909753,,,,,,,,,11.3,7410161924,7,70,30,,FALSE,FALSE,5031226500,193.51,282279280,1.11,150.63,42.92,38.63,3/15/26 21:37,,,15100133958,,,9982325,,,,,,,,,,,,,,21730797,115774461,1098450000,,792113509,9217979,398010085,51545826,224563724,705578366,1302213243,236112008,548529228,292075446,8126984,11080184037,,,103475783,188625169,18790573897,2355850007,2265826268,2114689,12874668,14119621,565467531,-16415379,,2612009618,727421285,86601908,1126130312,1760574110,208801294,16993696,203737845,16852796,86779614,473014,2298639365,313370252,313370252,27954854,285415398,-53712615,231702783,96.17,13.3,41.95,147.28,1263511,795010883,414633443,1560839124,986,36,12303534079,4100000000,373.48,,,,,,,,,,,,,,,,,,,,,,,,,,,,,,,,,,,,,,,,,,,,,,,263472867,,,-231977782,4426995,,,,,,,,,,,,,,,,,,,,,,,,,,,,,,,,,,,,,,,,,,,,,,,,,,,,,,,,,,,,,,,,,,,
DDBL,62,886,47.41,45.7,,221.13,21.44,3.27,1868285696,853855816,1409194698,27063775880,22932439670,11930701915,25452992787,1061025569,90727501,629913904,442910642,853855816,8.43,14.12,7,11.62,7.83,115.62,,11.18,2973867374,9,51.49,48.51,,FALSE,FALSE,1397764272,231.34,-62708601.88,-224.62,180.97,58.14,-0.26,3/15/26 21:37,,,,,,,,,,,,,,,,,,,,,,,,,,,,,,,,,,,,,,,,,,,,,,,,,,,,,,,,,,,,,,,,,,,,,,,,,,,,,,,,,,,,,,,,,,,,,,,,,,,,,,,,,,,,,,,,,,,,,,,,,,,,,,,,,,,,,,,,,,,,,,,,,,,,,,,,,,,,,,,,,,,,,,,,,,,,,,,,,,,,,,,,,,,,,,,,,,,,,
SWBBL,63,770,19.78,19.8,,218.53,9.03,1.37,1750000000,171098010,1902342447,25236019481,21411710262,16840647925,22957548954,950775512,171267784,246560710,172629247,171098010,11.77,10.92,7.59,13.09,7.32,119.36,,11.07,10474004494,7,65,35,National Life Insurance Company Limited,FALSE,FALSE,5472739740,178.3,,,242.11,55.1,,3/15/26 21:37,,,84089945229,,,888917884,,,,,,8/8/24,,,,,,,,331268857,1168317113,,,13272217969,3791763384,227711402,1117434338,3515925014,8618194308,27848718,824311755,547144506,1986220988,301753446,1.04302E+11,1310960871,85000000,708373061,1260509394,1.19009E+11,12637187973,11189060190,203697436,52452597,659439029,2984794642,3857713,33985091,15131217467,8093557305,-997778866,7073882192,12212168856,983740146,85740710,428585401,46785543,650627014,5527962,14415833106,715384361,715384361,406443067,308941294,-210935226,98006068,88.54,2.44,56.13,127.64,1461508,3190663728,1517038654,7810484534,33505,18075,70914497351,9396183000,1937.35,,,,,,,,,,,,,,,,,,,,,,,,,,,,,,,,2,,,,,,,,,,,,,,,55035217,,566854116,3930769,2657474,,,,,,,,,,,,,,,,,,,,,,,,,,,,,,,,,,,,,,,,,,,,,,,,,,,,,,,,,,,,,,,,,,,
SPL,268,736,6.21,12.42,,101.2,12.27,10.03,200000000,,,247516043,,1408298,,,,,12416532,,,,,,,,,11.01,5429041143,7,51,49,,FALSE,FALSE,5014924060,163.76,231689761,19.21,149.75,37.15,1.93,3/15/26 21:37,,,24320036338,,,65703841,,,,,7/13/24,8/14/20,,,,,,,,35393007,383815236,,,1802259171,9622029,640809167,194566495,269885373,791696046,,175330126,265789407,-27002446,38291009,22276977336,,,615196078,217955800,28577518969,3688150387,3556242113,,10491480,68246628,775892761,31095832,254102,4442222916,791226593,-116474603,2678706344,3349997757,368835651,26671816,252819162,40298328,113225438,16039722,4167887873,274335044,274335044,-1852666,276187709,-139340928,136846782,96.42,7.49,36.31,108.26,553589,1064378878,268618120,2623771509,6337,4775,13136272732,10883763608,569.85,,,,,,,,,,,,,,,,,,,,,,,,,,,,,,,,,,,,,,,,,,,,,,,63732265,,57603,,,,,,,,,,,,,,,,,,,,,,,,,,,,,,,,,,,,,,,,,,,,,,,,,,,,,,,,,,,,,,,,,,,,,
MERO,82,739,13.88,10.39,,155.78,8.91,1.19,1419000000,147374620,644167112,16536436422,14325894691,4246574498,14731639886,544543777,48599267,140717667,98512167,147374620,19.54,12.24,6.38,12.62,8.6,110.81,,10.83,6458073106,7,70,30,Global IME Capital Limited,FALSE,FALSE,5000000000,177.41,267862955,1.04,158.16,42.29,40.52,3/15/26 21:37,,,19656317304,,,18937871,,,,,,,,,,,,,,6738346,183149895,,,1169842903,17998689,517188911,,153956178,1021926860,523816613,289869832,434287355,210099307,52345088,15931257545,,,194497618,367113281,23038519586,3334208578,3192097858,,15493328,47063777,715582993,42576990,1766047,4014580993,644183651,-63083439,2378297987,2941399510,284199800,23940734,227112909,28709474,232740424,5611437,3743922468,270658525,270658525,,270658525,-240728289,29930236,95.74,8.12,41.11,129.16,472550,1250742247,132090322,2083466332,1460,36,18621317304,1035000000,460.77,,,,,,,,,,,,,,,,,,,,,,,,,,,,,,,,,,,,,,,,,,,,,,,292462630,,35232948,,208180,,,,,,,,,,,,,,,,,,,,,,,,,,,,,,,,,,,,,,,,,,,,,,,,,,,,,,,,,,,,,,,,,,,
PRIN,130,761,14.4,14.4,,203.11,7.09,3.2,1700955920,,,7658997305,4204245709,,,,,,122459867,,,,,,,,,10.54,6438455014,7,60,40,NIBL Ace Capital Limited,FALSE,FALSE,4827767560,174.72,563168340,-53.2,172.66,45.2,-0.85,3/15/26 21:36,,,47965106024,,,11658325,,,,,,,,,,,,,,10348530,668392796,76500000,2832215876,5230206435,37032142,140860404,53133248,1379012496,722956855,109992146,313829304,919096034,94078322,206029696,50039791715,199287963,4539909,257188892,1982429942,59127423131,4745134996,4646915621,6290478,33857847,269700951,1574941652,732763,5844454,6538283766,2656993838,109011816,2698455708,5234550394,392235182,34851867,183997116,9704813,134660073,2213371,5992212816,546070950,546070950,282507493,263563457,-29107872,234455585,97.93,5.55,44.94,128.73,753398,1259040758,445050915,3486094238,11784,301,41438507900,9435314000,1182.27,,,,,,,,,,,,,,,,,,,,,,,,,,,,,,,,,,,,,,,,,,,,,,,,,,,,,,,,,,,,,,,,,,,,,,,,,,,,,,,,,,,,,,,,,,,,,,,,,,,,,,,,,,,,,,,,,,,,,,
NUBL,60,714.5,8.73,5.04,,213.17,4.1,0.83,2742683738,138343570,2965148196,28858960640,23012275025,21783716614,25652291062,913706746,158703473,292469188,119738140,138343570,14.12,11.83,8.06,13.05,6.75,123.4,,21.06,872871655,5,70,20,Prabhu Capital Limited,FALSE,FALSE,760000000,164.96,75909966,5.41,234.63,52.42,9.69,3/15/26 21:37,112871655,1885672908,,182098254,4538487,6080286,251842493,21039210,49994214,835413325,4/11/26,5/4/23,7,188700000,,10,2753874,,,,,,,,,,,,,,,,,,,,,,,,,,,,,,,,,,,,,,,,,,,,,,,,,,,,,,,,,,,,,,,,,,,,,,,,,,,,,,,,,,,,,,,,,,,,,,,,,,,,,,,,,,,,,,,,,,,,,,,,,,,,,,,,,,,,,,,,,,,,,,,,,,,,,,,,,,,,,,,,,,,,,,,,,,,,,,,,,,,,
MANDU,360,828.6,13.43,26.85,,152.82,17.57,6.76,1363637000,,,5417793828,,10028506,,,,,183087934,,,,,,,,,10.47,1725632167,9,51,49,Global IME Capital Limited,FALSE,FALSE,1344871323,173.86,52300826,34.64,373.37,78.61,2.27,3/15/26 21:37,,,,,,,,,,,,,,,,,,,4675641379,,,,,,,,,,,,,,,,,,,,,,,,,,,,,,,,,,,,,,,,,,,,,,,,,,,,,,,,,,,,,,,,,,,,,,,,,,,,,,,,,,,,,,,,,,,,,,,,,,,,,,,,,,,,,,,,,,,,,,,,,,,,,,,,,,,,,,,,,,,,,,,,,,,,,,,,,,,,,,,,,,,,,,,,,,,,,,,,,,
SLBBL,67,869,32.53,34.82,,173.62,18.73,2.33,783924403,272953332.8,304379310.9,10938016196,9576759149,4978164655,9833179271,348924789,51917316.8,177943372.5,127495557.1,272953332.8,7.55,12.14,7.48,12.11,7.41,107.89,,9.89,37529907202,1,51,49,NIBL Ace Capital Limited,FALSE,FALSE,19287936300,223.45,957549677,-26.12,41.87,32.05,-1.23,3/15/26 21:36,,,,,,,,,,,,,,,,,,,2234738230,,,,,,,,,,,,,,,,,,,,,,,,,,,,,,,,,,,,,,,,,,,,,,,,,,,,,,,,,,,,,,,,,,,,,,,,,,,,,,,,,,,,,,,,,,,,,,,,,,,,,,,,,,,,,,,,,,,,,,,,,,,,,,,,,,,,,,,,,,,,,,,,,,,,,,,,,,,,,,,,,,,,,,,,,,,,,,,,,,
NLG,137,705,0.86,0.86,,174.15,0.49,0.22,2565224432,,,9874764128,5407353673,,,,,,11044500,,,,,,,,,9.37,1655026369,2,51,49,Prabhu Capital Limited,FALSE,FALSE,1217100000,169.32,25881746,120.25,292.76,70.97,0.59,3/15/26 21:37,,,,,,,,,,,,,,,,,,,553440851,,,,,,,,,,,,,,,,,,,,,,,,,,,,,,,,,,,,,,,,,,,,,,,,,,,,,,,,,,,,,,,,,,,,,,,,,,,,,,,,,,,,,,,,,,,,,,,,,,,,,,,,,,,,,,,,,,,,,,,,,,,,,,,,,,,,,,,,,,,,,,,,,,,,,,,,,,,,,,,,,,,,,,,,,,,,,,,,,,
CBBL,61,944,31.85,47.43,,233.66,13.63,2.1,3617264102,1715692105,3078022247,54912940547,46460994260,42838109110,41858151896,1459951039,182411792.1,805757660.6,576096501.9,1715692105,2.45,16.84,8.31,11.96,5.51,94.92,,9.26,6326171098,7,70,30,NIMB Ace Capital Limited,FALSE,FALSE,5000000000,162.36,230971824,0.24,198.23,52.29,216.58,3/15/26 21:37,,,26003190572,,,380561650,,,,,9/28/26,9/28/23,,,,,,,,3377042,206798110,,,1175918285,,668748947,41136646,403021102,648175541,449688265,253525579,356585781,266371473,35765961,22885488817,,,176372404,343404235,29884235206,4145676026,3888749862,,10294406,70576801,1013924608,,8035,2268390931,399999969,-49621026,1388594386,1740367759,178145169,13217814,80519806,9425599,146674909,,2168351057,100039874,100039874,,100039874,16890765,116930639,93.8,2.41,,126.52,846423,1402794593,573027905,2742881433,3232,95,2096143098,5707047474,597.68,,,,,,,,,,,,,,,,,,,,,,,,,,,,,,,,,,,,,,,,,,,,,,,353307311,,117032691,,,,,,,,,,,,,,,,,,,,,,,,,,,,,,,,,,,,,,,,,,,,,,,,,,,,,,,,,,,,,,,,,,,,,
MPFL,57,725,2.57,2.57,,118.58,2.17,0.37,610200000,18377029.82,84454555.78,4196730107,3473157801,3419745856,2051240785,35870247.98,6837858.94,11876760.9,7834737.55,,8.3,19.9,5.43,8.74,4.58,59.98,,9.22,738647482,5,75,15,Siddhartha Capital Limited,FALSE,FALSE,594947300,150.31,14198267,120.16,406.42,82.56,0.69,3/15/26 21:37,60407582,194000000,133180960,274116505,17468638,,81556358,14153350,14488348,5244007,8/14/26,10/11/23,4.41,170000000,,10,2441280,,,,,,,,,,,,,,,,,,,,,,,,,,,,,,,,,,,,,,,,,,,,,,,,,,,,,,,,,,,,,,,,,,,,,,,,,,12229228,,,,,,,,,,,,,,,,,,,,,,,,,,,,,,,,,,,,,,,,,,,,,,,,,,,,,,,,,,,,,,,,,,,,,,,,,,,,,,,,,,,,,,,,,,,,,,,,,,,,,,,,,,
BGWT,307,761.2,9.22,9.22,,108.91,8.46,5.71,678239900,,,1094548370,,,,,,,31259337,,,,,,,,,17.54,382858158,5,70,24.48,,FALSE,FALSE,400000000,137.43,11714453,199.5,415.55,80.79,0.4,3/15/26 21:37,-17141842,690464251,,64084830,128029725,,82538758,2469941,11076392,23789612,11/2/26,12/20/23,4.7,212300000,,5.52,1833098,,,,,,,,,,,,,,,,,,,,,,,,,,,,,,,,,,,,,,,,,,,,,,,,,,,,,,,,,,,,,,,,,,,,,,,,,,,,,,,,,,,,,,,,,,,,,,,,,,,,,,,,,,,,,,,,,,,,,,,,,,,,,,,,,,,,,,,,,,,,,,,,,,,,,,,,,,,,,,,,,,,,,,,,,,,,,,,,,,,,
MSHL,361,817.5,19.94,19.94,,130.14,15.32,6.76,748400000,,,2206361709,,42777907,,,,,74601021,,,,,,,,,8.73,5846685615,9,51,49,NIBL Ace Capital Limited,FALSE,FALSE,2612079750,204.63,136020318,-11.97,249.17,81.84,-6.84,3/15/26 21:37,,,,,,,,,,,,,,,,,,,,,,,,,,,,,,510111,,,,,,,,,,,,,,,,,,,,,,,,,,,,,,,,,,,,,,,,,,,,,,,,,,,,,,,,,,,,,,,,,,,,,,,,,,,,,,,,,,,,,,,,,,,,,,,,,,,,,,,,,,,,,,,,,,,,,,,,,,,,,,,,,,,,,,,,,,,,,,,,,,,,,,,,,,,,,,,,,,,,,,,
USHL,334,742.3,3.79,3.79,,94.15,4.03,1.33,220000000,,,626978762,,15941695,,,,,4173461,,,,,,,,,17.13,980425174,5,70,15,,FALSE,FALSE,1000000000,137.36,35596974,140.63,320.79,67.44,0.48,3/15/26 21:37,1556301,2028623145,,288741164,115539692,,253261187,-11622754,-1947556,-73160933,10/20/26,11/9/23,14.3,174800000,,15,12342937,,,,,,,,,,,,,,,,,,,,,,,,,,,,,,,,,,,,,,,,,,,,,,,,,,,,,,,,,,,,,,,,,,,,,,,,,-1748102,,,,,,,,,,,,,,,,,,,,,,,,,,,,,,,,,,,,,,,,,,,,,,,,,,,,,,,,,,,,,,,,,,,,,,,,,,,,,,,,,,,,,,,,,,,,,,,,,,,,,,,,,,,
SANVI,649,829.9,17.33,17.33,,118.29,14.65,5.53,880000000,,,2758646465,,,,,,,38123093,,,,,,,,,16.81,710143181,5,56,34,Sunrise Capital Limited,FALSE,FALSE,802500000,129.32,40197822,67.77,198.48,45.95,0.68,3/15/26 21:37,-92356819,436933046,,119569032,20824068,,122747959,2787028,423067,20470497,3/2/26,4/12/23,7,208000000,,10,3608946,6133302,,,,,,,,,,,,,,,,,,,,,,,,,,,,,,,,,,,,,,,,,,,,,,,,,,,,,,,,,,,,,,,,,,,,,,,,,,,,,,,,,,,,,,,,,,,,,,,,,,,,,,,,,,,,,,,,,,,,,,,,,,,,,,,,,,,,,,,,,,,,,,,,,,,,,,,,,,,,,,,,,,,,,,,,,,,,,,,,,,,
MABEL,656,768,2.33,2.33,,103.31,2.26,0.72,385824000,,,1257038552,,5242901,,,,,4504127,,,,,,,,,8.17,9592531674,7,70,30,Nepal SBI Merchant Banking Limited,FALSE,FALSE,5500000000,179.06,141832650,58.33,387.33,106.81,1.83,3/15/26 21:37,,,1.22494E+11,,,502871457,,,,,,,,,,,,,,24300,367631982,,,20798528440,,,16476720,3092027528,5525379887,498012562,755432725,2494242449,344843938,183108771,1.40897E+11,,,368135127,1697440401,1.52878E+11,10229416450,10180272359,2871060,123905126,1213465788,4904797615,,33550,16425345498,6140878808,-26460632,7638019413,13752437589,728328647,76352043,227507626,26958221,145495636,8672106,14965751868,1459593630,1459593630,1235034647,224558983,-414587954.6,-190028971.4,99.52,2.2,104.51,174.41,694349,1681054091,544910078,8548362359,13678,10310,88794573251,33699302907,2779.61,,,,,,,,,,,,,,,,,,,,,,,,,,,,,,,,,,,,,,,,,,,,,,,81630683,,38062818,,,,,,,,,,,,,,,,,,,,,,,,,,,,,,,,,,,,,,,,,,,,,101805352,,,,,,,,,,,,,,,,,,,,,,,,
SMATA,86,831.8,17.12,13.27,,135.74,12.61,1.77,660504140,69734340,166316320,6405401560,5508846750,1693031150,6003726970,223994230,2263920,80766350,56536450,50424490,13.32,12.54,6.38,11.2,8.51,113.1,,8.06,6181222850,7,51,49,,FALSE,FALSE,5011947800,149.55,196139160,2.92,208.86,57.31,19.6,3/15/26 21:37,,,45977528521,,,130497518,,,,,,,,,,,,,,65921525,322421496,,,5238700191,60233588,950724904,90282075,823793512,517390214,,440210330,452984940,276079783,111670342,46171003445,,700000000,878285812,413767622,54458473179,5798761129,5710217267,,39522936,240624675,1711674252,,133717,7702172848,1564971213,-63571557,4772963523,6278227420,491673321,42826630,341925919,16307225,181319604,1832053,7354112171,348060677,348060677,146186886,201873791,-229732904,-27859113,98.47,3.48,55.69,123.33,603847,1570292589,501623938,4228468539,5771,102,39077528521,6900000000,1086.57,,,,,,,,,,,,,,,,,,,,,,,,,,,,,,,,,,,,,,,,,,,,,,,280979634,,2523108,,,,,,,,,,,,,,,,,,,,,,,,,,,,,,,,,,,,,,,,,,,,,,,,,,,,,,,,,,,,,,,,,,,,,
MFIL,58,855.9,20.03,17.43,,175.29,11.43,0.99,1351552849,235620218,782015970,27379300218,25010111181,22488277919,19616667933,453273768,58711952,191213342,135378530,235620218,3.64,12.81,4.99,6.91,4.59,84.84,,7.11,11837124613,7,51,49,Nepal Life Insurance Company Limited,FALSE,FALSE,9028763210,141.33,468150483,-28.03,471.99,113.7,-4.06,3/15/26 21:37,,,2.19351E+11,,,403106394,,,,,,,,,,,,,,7901523,836214108,2029500000,1444663502,35827258782,,330778459,170632714,7238944293,4193961446,,1530045012,677609059,149269173,259497980,2.57152E+11,46012010,,1069486432,1645916844,2.72241E+11,25669704425,25530602093,,199952540,1883636958,8125165938,,26995083,35766352613,8333345686,-183336606,22730124828,30880133908,1879114767,191479516,479946935,62516361,311797555,19203048,33825205869,1941146743,1986767637,1649847347,336920290,-422210280,-85289990,99.46,1.31,108.19,124.86,2004393,6193006594,3189740103,19476697831,35377,21221,1.89793E+11,38354534646,2871.68,,,,,,,,,,,,,,,,,,,,,,,,,,,,,,,,,,,,,,,,,,,,,,,,,231046364,,1013780,,,,,,,,,,,,,,,,,,,,,,,,,,,,,,45620894,,,,,,,,,,,,,,,,,,,,,,,,,,,,,,,,,,,,,
NLIC,112,808.4,7.11,7.11,,124.86,5.69,0.25,9480201370,,,2.72241E+11,2.60404E+11,,,,,,336920290,,,,,,,,,12.42,202406016,5,70,20,Muktinath Capital limited,FALSE,FALSE,200000000,118.91,4633251,167.99,518.94,118.52,0.71,3/15/26 21:37,2406016,28683119,51681000,42615033,14363519,,12000988,843229,2795000,1329305,2/9/26,3/3/23,1,145400000,,10,153220010,8600000,,,,,,,,,,,,,,,,,,,,,,,,,,,,,,,,,,,,,,,,,,,,,,,,,,,,,,,,,,,,,,,,,,,,,,,,289598,1153533,,,,,,,,,,,,,,,,,,,,,,,,,,,,,,,,,,,,,,,,,,,,,,,,,,,,,,,,,,,,,,,,,,,,,,,,,,,,,,,,,,,,,,,,,,,,,,,,,,,,,,,,,,
FMDBL,65,823,10.47,6.85,,128.31,8.16,2.38,1344871323,54756975,326003869,5910806408,4185174241,,29591657,97454966,-740000,100594709,70416296,47511966,4.52,32,5.38,6.76,1.42,114.74,,5.53,383687232,11,75,25,Himalyan Capital Limited,FALSE,FALSE,380190000,112.06,,,1245.73,272.69,,3/15/26 21:37,,,20000000,,,,,,16554472,,9/24/28,11/14/25,,,,,,,,,,,,,,,,,,,,,,,,,,,,851266423,,,,,,,,2200000,,,,,,,,,,,,,,,,,,,,,,,,,,,,,,,,,3497232,,46150879,805774728,,,,,,,,,,,,,,,421428312,,,,,,,,,,,,,,,,,,,,,,,,,,,,,,,,,18697268,,708168,,,,,,,,,,,,,,,,,,,2383710,,,,,,,,4605655,,53704961,,12521313,,,826482896,15541407,24783527,4724076,,,,,,,,,,,,,,,,,,,,,,,,,,
SARBTM,451,902.1,20.61,20.61,,188.92,10.91,6.88,5224275000,,,15643296103,,,,,,643733561,538350042,,,,,,,,,11.05,975830381,5,51,39,Prabhu Capital Limited,FALSE,FALSE,909101300,115.46,,,408.39,106.34,,3/15/26 21:37,66729081,267640400,100000000,126905831,31790865,,96288993,3049996,17763996,12013104,7/13/28,7/13/25,,,,10,2202032,124491,,,,,,,,,,,,,,,,,,,,,,,,,,,,,,,,,,,,,,,,,,,,,,,,,,,,,,,,,,,,,,,,,,,,,,,,1035805,,,,,,,,,,,,,,,,,,,,,,,,,,,,,,,,,,,,,,,,,,,,,,,,,,,,,,,,,,,,,,,,,,,,,,,,,,,,,,,,,,,,,,,,,,,,,,,,,,,,,,,,,,,
HRL,449,882,11.92,11.92,,157.02,7.59,5.07,10868000000,,,25545735329,,,,,,,647466741,,,,,,,,,10.86,3851381590,5,70,15,Sanima Capital limited,FALSE,FALSE,3332500000,118.83,271637836,-33.36,261.03,79.01,-2.37,3/15/26 21:37,518884590,9287138349,,1088659336,802329056,,889135340,-21071025,-241428381,-316880987,3/21/26,4/9/23,73,182600000,,15,62757391,,,,,,,,,,,,,,,,,,,,,,,,,,,,,,,,,,,,,,,,,,,,,,,,,,,,,,,,,,,,,,,,,,,,,,,,,-3694093,-109392871,,,,,,,,,,,,,,,,,,,,,,,,,,,,,,,,,,,,,,,,,,,,,,,,,,,,,,,,,,,,,,,,,,,,,,,,,,,,,,,,,,,,,,,,,,,,,,,,,,,,,,,,,,
LICN,113,872.6,8.17,8.17,,174.41,4.68,0.29,5500000000,,,1.52878E+11,1.43286E+11,,,,,,224558983,,,,,,,,,5.29,-118945076,5,70,20,NIC Asia Capital Limited,FALSE,FALSE,5425833,,-386769585,-103.71,,80.72,-0.78,3/15/26 21:37,-661528376,1179316179,,114909023,315313662,,82322422.1,5721674,25135545,35147612,4/12/26,6/15/23,4.72,279400000,,10,1242774744,,,,,,,,,,,,,,,,,,,,,,,,,,,,,,,,,,,,,,,,,,,,,,,,,,,,,,,,,,,,,,,,,,,,,,,,,,,,,,,,,,,,,,,,,,,,,,,,,,,,,,,,,,,,,,,,,,,,,,,,,,,,,,,,,,,,,,,,,,,,,,,,,,,,,,,,,,,,,,,,,,,,,,,,,,,,,,,,,,,,
SMPDA,636,899.9,24.55,9.51,,158,15.52,1.61,700858345,91994340,315522553,10659933448,9551558210,2873359422,10061605840,345240217,52852127,122900033,86030023,66673268,7.15,10.09,6.75,11.76,7.59,110.8,,5.02,5999105616,7,84.67,15.33,,FALSE,FALSE,5103648000,112.98,182586926,-27.07,354.93,102.39,-3.78,3/15/26 21:37,,,17846217454,,,16514643,,,,,1/1/24,1/1/21,,,,,,,,13069586,268275699,,,1450202193,,499793324,29069468,254406946,2109657361,19352486,117603205,218053330,336302676,70256763,16090351051,,,230744111,190596007,22865562176,2879518556,2777197907,,15442061,70161075,538380913,32507929,965748,3370592195,566944402,-45674414,2071091456,2593769022,266135689,20828984,210548550,37703010,97199311,10421451,3237432592,133159603,133159603,,133159603,-10963954,122195649,96.45,4.62,97.66,113.02,253047,881441139,278930989,1998077417,854,16,11994060773,5852156682,430.79,,,,,,,,,,,,,,,,,,,,,,,,,,,,,,,,,,,,,,,,,,,,,,,378355500,,284508627,-64063438,826575,,,,,,,,,,,,,,,,,,,,,,,,,,,,,,,,,,,,,,,,,,,,,,,,,,,,,,,,,,,,,,,,,,,
RSML,634,939.3,16.08,16.08,,490.54,2.95,1.89,1900000000,,,14568829021,,,,,,329848345.7,137435414.5,,,,,,,,,4.69,821832472,11,80,20,,FALSE,FALSE,700000000,107.11,14660904,20.91,1202.45,297.44,14.22,3/15/26 21:37,,,,,,,,,4145556,,12/13/26,12/13/23,,,,,,,,,,,,,,,,,,,,,,6358131,,,,,,1294314129,,,,,,,,7092072,63857599,,,,,,,,,,,,,,,,,,,,,,,,,,,,,,,,65832472,,,182108355,,6991812,,,,,,,,,,,,,,,,,,,,,,,,,,,,,,,,,,,,,,,,,,,,,,5738757,,,,,,,,,,,,,,,,,,,,,145511274,,,,,,,,12980426,472481657,290893257,46130860,17726739,,,416086280,585978491,878227849,,,,23627600,12618947,,,,,,,,,,,,,,,,,,,,,,
HLBSL,77,940.1,26.24,16.14,,142.22,15.68,1.49,341086036,35654156,148515594,6022420071,5451621238,1179936522,4999526402,197702053,20175716,63883228,44742733,35654156,8.58,9.54,6.24,12.15,8.5,95.52,,4.52,9775405317,7,51,49,Prabhu Capital Limited,FALSE,FALSE,9143237310,104.27,376282120,-45.06,271.14,85.62,-1.9,3/15/26 21:37,,,81853043178,,,33326461,,,,,,,,,,,,,,2981490,755768580,150000000,111486207,8361346416,6545000,895572433,472232,2557104317,1777639188,,461135219,947624629,-776591836,509110990,83117525785,,,2782001121,950855496,97320570490,8623713944,8407755342,,53040223,365902611,2586125424,133550946,9283392,11555657938,3644358095,-78077327,6038858279,9604939047,687698978,63058165,531924260,18760631,210993831,,11117374912,438283027,437667095,230929741,206737353,-496045188,-289307834,,,80.69,106.91,425803,1173008954,88575010,7450704990,10040,268,46909987385,35962702000,1064.4,,,,,,,,,,,,,,,,,,,,,,,,,,,,,,,,,,,,,,,,,,,,,,,30824989,,185671780,,,,,,,,,,,,,,,,,,,,,,,,,,,,,,,,-615932,,,,,,,,,,,,,,,,,,,,,,,,,,,,,,,,,,,,,
KMCDB,72,950,26.09,14.88,,164.7,15.84,2.18,448461535,46013867,244127159,5376707742,4638105181,1792125868,4928169967,217670774,,83526665,58499435,33372924,11.42,12.1,6.32,13.04,8.67,112.75,,4.5,588114033,5,70,20,,FALSE,FALSE,600000000,99.62,-2996328,-550.95,438.03,119.11,-0.22,3/15/26 21:37,-11885967,,10000000,142303954,213042701,,155064229,-15187946,-42143191,-59655435,5/10/26,6/19/23,9.7,201000000,,10,9883485,1000,,,,,,,,,,,,,,,,,,,,,,,,,,,,,,,,,,,,,,,,,,,,,,,,,,,,,,,,,,,,,,,,,,,,,,,,,,,,,,,,,,,,,,,,,,,,,,,,,,,,,,,,,,,,,,,,,,,,,,,,,,,,,,,,,,,,,,,,,,,,,,,,,,,,,,,,,,,,,,,,,,,,,,,,,,,,,,,,,,,
KDL,266,917,3.97,3.97,,107.36,4,3.06,600000000,,,783840961,,,,,,,11993523,,,,,,,,,4.38,801647300,10,70,30,,FALSE,FALSE,750000000,102.64,1657100,395.27,1210.47,307.08,0.78,3/15/26 21:37,,,569967720,,,258037490,,,,,,,,,,,,,,13237500,37791530,,,,115909770,27818640,,59521270,,,653730,44360950,95350,,,,,,,1125797960,,,,,,,,,,,,,,,,,,,,,,,,,,,,,,,,,,,,,,,,,,,,,,,,,,,,,,,,,,,,,,,,,,,,,,,,,,,,,,,,,,,,,,,,,,,,,,,,,,6537280,,,,,,,,,,,,,,,,,,,,,,,,,,,,,,,,,,,,,,,,,,,,,,,,,,,,,,,,,,,
TTL,648,923.1,2.24,2.24,,105.42,2.13,12.34,815609700,,,148163146.2,,,,,,,9141304.89,,,,,,,,,3.97,600000000,4,80,18,Nabil Investment  Banking Ltd,FALSE,FALSE,600000000,97.93,4746476,152.68,836.4,230.98,1.51,3/15/26 21:37,,,,,,,,,,,1/31/26,3/22/23,,,,2,,,,,,,,,,,,,,,,,,,,,,,,,,,,,,,,,,,,,,,,,7245058,,2955748,,,12485303,,,,,,,,,,,,,,,,,,,43900775,33798162,,484427397,,151949,,35466726,535434,,,,,,,,,,,,,,,,,,,,,,,,,,,,,,,,,,,,,,,,,,,,,,,,,,,,,,,,,,,,,,,,,,,,,,,,,,,,,,,,,,,34159033,,,,,,,,,,,,,,,,,,,,,,,,,
ACLBSL,90,1000,32.57,14.76,,169.98,19.16,1.84,367143409,54197194,202737311,6511837264,5887759350,2129701233,5890407253,219201453,39290489,85671584,59784028,54197194,5.2,8.34,6.59,12.98,8.27,213.9,,3.97,1263907028,5,51,39,Prabhu Capital Limited,FALSE,FALSE,1173200000,98.1,37351983,-39.51,403.58,124.43,-3.15,3/15/26 21:37,90707028,923793474,771102024,121193587,280510379,,122668690,4229359,29212213,50130665,3/30/26,4/12/23,9.6,198400000,,10,1576609240,280395,,,,,,,,,,,,,,,,,,,,,,,,,,,,,,,,,,,,,,,,,,,,,,,,,,,,,,,,,,,,,,,,,,,,,,,,465752,13635899,2453370,,,,,,,,,,,,,,,,,,,,,,,,,,,,,,,,,,,,,,,,,,,,,,,,,,,,,,,,,,,,,,,,,,,,,,,,,,,,,,,,,,,,,,,,,,,,,,,,,,,,,,,,,
HATHY,359,940,1.23,1.23,,67.38,1.82,1.04,1585584000,,,2724757353,,,,,,,19443037,,,,,,,,,3.8,24785732000,6,60,40,Global IME Capital Limited,FALSE,FALSE,21600000000,99.05,522111000,-21.48,187.83,75.03,-3.49,3/15/26 21:37,,,,,,,,,,,1/29/24,2/12/21,,,,,,,,,,,,,,,,,,,,,,1048248000,,,,,,41218214000,,,,,,,,,,,,,,,,,,,,,,586837000,,,,,,,,,,,,,,,,,,,,,,,,,,,,,,,,,,,,,,,,,,,,,,,,,,10,,,,,176897000,,,,,,51189000,3185732000,,,,,,,,,,,,,,,,,,,,,,,,,,,,,,,,,,,,,,,,,,,,,,,,,,,,,,,,,,,,,,,,,,,,,,,,,
PURE,644,988.7,2.31,2.31,,101.63,2.27,0.81,800000000,,,2291671212,,,,,,,9228916,,,,,,,,,3.79,207125394,5,60.45,29.55,Siddhartha Capital Limited,FALSE,FALSE,220000000,89.6,-15165730,-127.52,728.43,195.86,-1.54,3/15/26 21:37,-12874606,338700000,116475000,62613074,78144299,,38391409,-4548067,-8616206,-14354142,7/7/26,9/10/23,2.4,210300000,,10,1767578,2113,,,,,,,,,,,,,,,,,,,,,,,,,,,,,,,,,,,,,,,,,,,,,,,,,,,,,,,,,,,,,,,,,,,,,,,,,,,-1248049,,,,,,,,,,,,,,,,,,,,,,,,,,,,,,,,,,,,,,,,,,,,,,,,,,,,,,,,,,,,,,,,,,,,,,,,,,,,,,,,,,,,,,,,,,,,,,,,,,,,,,,,
LLBS,74,1017,15.31,7.81,,187.67,8.16,0.98,441662100,34495858,352692947,6873470826,6044619921,2738529506,5897418810,225629845,28475268,48265867,33815229,34495858,13.04,9.65,7.02,14.55,6.19,107.03,,3.58,694659751,2,51,49,NIBL Ace Capital Limited,FALSE,FALSE,569698500,95.35,8729380,26.04,1041.11,303.91,11.67,3/15/26 21:37,,,,,,,,,,,,,,,,,,,96879668,,,,,,,,,,,1809,,,,,,,,,,,,,,,,,,,,,,,,,,,,,,,,,,,,,,,,,,,,,,,,,,,,,,,,,,,,,,,,,,,,,,,,,,,,,,,,,,,,,,,,,,,,,,,,,,,,,,,,,,,,,,,,,,,,,,,,,,,,,,,,,,,,,,,,,,,,,,,,,,,,,,,,,,,,,,,,,,,,,,,
NMFBS,83,1185,48.21,33.72,,245.37,19.65,2.38,1521363000,515116000,1696467000,30806828000,27073882000,7061183000,25748321000,902241000,129945000,523853000,366697000,513019000,4.81,12.09,6.72,10.58,,375.63,,6.8,2938184439,4,69,31,NIBL Ace Capital Limited,FALSE,FALSE,1021862690,46.9,301742210,15.19,990.89,150.47,9.91,3/15/26 21:37,,,286927201,,,,,188652309,,,2/1/96,2/1/93,,,,,,,,,,,,,,,,,,,,,,,,,,,,,,,,,,,,,,,,,,,,,89826022,,4834462,,,413772264,,,,,,,,,,,,,,,,,,,1916321749,4293188,570786017,2746290449,,14626187,642271507,1459710946,,,,,167373124,,,,,,,,,,,,,,,,,,,,,,,,,,,,,,,,,,,,,,,,10,,,,,,,,,,,,,,,,,,,,,,,,,,,,,,,,,,,,,,,,,,,,,,,,,,,,,,,,,,66203562,,,,,,
JBLB,101,1377,50.65,71.86,,277.15,18.28,2.48,1536171546,1103959772,1617421117,31355890601,27098338167,13644805358,28391750117,1040622431,137820809,702363757,389037474,1103959772,5.98,11.48,7.76,12.68,5.85,124.79,,6.68,735448303,5,65,35,,FALSE,FALSE,830000000,81.6,,,702.91,196.17,,3/15/26 21:37,-94551697,2004196353,,72762804,308048910,,185259565,,415289,80658962,9/18/28,9/18/25,,,,,2974930761,,,,,,,,,,,,,,,,,,,,,,,,,,,,,,,,,,,,,,,,,,,,,,,,,,,,,,,,,,,,,,,,,,,,,,,,,,,,,,,,,,,,,,,,,,,,,1486882,,,,,,,,,,,,,,,,,,,,,,,,,,,,,,,,,,,,,,,,,,,,,,,,,,,,,,,,,,,,,,,,,,,,,,,,,,,,,,,,,,,,,,,
AVYAN,247,1090,61.89,3.63,,149.39,41.43,4.26,250000000,90167877,114409687,3632445014,3258967451,353969630,3541043999,156871863,18239411,110514368,77360058,9067875,4.15,8.06,6.69,11.01,8.34,109.7,,3.23,27925805000,6,80,20,Global IME Capital Limited,FALSE,FALSE,24559813000,90.23,522231000,-22.98,226.84,91.3,-3.97,3/15/26 21:37,,,,,,,,,,,7/10/19,7/10/16,,,,,,,,,,,,,,149324000,,,,,,,,8157000,,,,,,28826525000,,,,,,,,118000,,,,,,,,,,,,,,567335000,,,,,,,,,,,,,,,,,,,,,606120000,,,,16410185000,,,,,,,,,,,,,,,,,,,,,,,,,50,96138000,230654000,-6050000,-18771000,-165091000,4434463000,,12416340000,294600000,-6419000,19376000,2997594000,16246000,,,,,,,-2927000,,,,,,,,,,,,,,,,31545000,165091000,17033000,526692000,41414000,591000,7910584000,17223000,567335000,4748000,3363000,15240000000,,,,,,,,,,,,,,,,,,,,,,,,,,,,,,,,,,,,,,
ALBSL,92,1154,31.29,15.17,,158.08,19.79,2.14,802685677,121757725,344405556,11742710764,10473861806,3556434978,10809556595,387458890,64006115,179167022,125574090,121757723,10.15,10.04,6.57,11.21,8.4,116.5,,3.13,833413903,7,70,30,,FALSE,FALSE,750000000,88.46,,,1510.85,455.27,,3/15/26 21:37,,,957754912,,,33280698,,,,,,,,,,,,,,1408490,33278608,,,,46500092,9256147,15552221,,74791722,,5759470,45318082,32336351,3046376,341543196,,,13236073,12561746,1203801294,274994230,207281802,,428500,,31337057,14085423,-148374,257999485,88418963,46046712,104136381,146508632,18753193,1036409,31512088,4259088,43711910,319122,246248279,11751206,11751206,,11751206,,11751206,75.38,4.27,392.8,111.12,538508,263987804,172496644,11006426,671,,240618553,717136360,160.51,,,,,,,,,,,,,,,,,,,,,,,,,,,,,,,,,,,,,,,,,,,,,,,31978404,,,5015077,147837,,,,,,,,,,,,,,,,,,,,,,,,,,,,,,,,,,,,,,,,,,,,,,,,,,,,,,,,,,,,,,,,,,,
HDL,191,1200,24.31,24.31,,120.87,20.12,17.35,3688082175,,,5168267364,,,,,,612534955,448367374,,,,,,,,,2.85,5964779085,10,60,40,Global IME Capital Limited,FALSE,FALSE,2622638200,120.76,65853770,-43.29,406.44,214.6,-4.96,3/15/26 21:37,,,6278926173,,,1376611607,,,,,,5/15/23,,,,,,,,158279764,219061781,,,9150000,5565411158,340141433,798030983,151440101,466688173,,217175927,102948088,471539425,89478952,7808399791,,,470952367,233896208,15519963562,2301739673,1164552634,245431030,14879742,,137851213,8261422,34403575,1605379616,,-868831212,870044482,,43163540,10035769,266217071,20941090,5504475,5504475,1552029637,53349979,53349979,16004994,,,,50.59,1.62,,,,,,,,,2100176173,4178750000,,,,,,,,,,,,,,,,,,,,,,,,,,,,,,,,,,,,,,,,,,,,,,,,51237691,,952457159,,7561711,,,,,,,2622638200,2550477445,-1137187039,1809099427,-694226905,1116085792,227.43,132022,65114,7497,12628,,,,,,,,,,,,,,,,,,,,,,,,,,,,,104984698,,,,,,,,,,,82520189,,,,,,,,,,
GRDBL,42,1088,3.58,1.5,,112.86,1.58,0.16,615500000,8233516,69924426,6906062459,6211402708,6077996156,4865558696,104445482,98566054,15718428,11002899,9233516,4.2,13.08,4.88,7.37,3.92,83.15,,2.57,723572305.1,3,51,49,Civil Capital Market Limited,FALSE,FALSE,610200000,82.81,20038242.05,-60.9,775.54,282.1,-4.63,3/15/26 21:37,,,,,,,,,,,,,,,,,,,,,,,,,,,,,,10540719,,,,,,,,,,,,,,,,,,,,,,,,,,,,,,,,,,,,,,,,,,,,,,,,,,,,,,,,,,,,,,,,,,,,,,,,,,,,,,,,,,,,,,,,,,,,,,,,,,,,,,,,,,,,,,,,,,,,,,,,,,,,,,,,,,,,,,,,,,,,,,,,,,,,,,,,,,,,,,,,,,,,,,,
GILB,81,1210,32.67,9.8,,194.68,16.56,1.95,648297797,,630705820,10868379450,9589375833,3853990815,10299834943,487691113,34122440,152212299,105905607,63519808,8.96,9.53,6.44,11.44,8.43,282.59,,2.33,398608568,5,51,49,,FALSE,FALSE,385824000,73.59,,,943.57,329.61,,3/15/26 21:37,12784568,788057000,,90232716,70372983,,40828408,-5715924,,-15199585,8/15/28,8/15/25,,,,,210380,4498,,,,,,,,,,,,,,,,,,,,,,,,,,,,,,,,,,,,,,,,,,,,,,,,,,,,,,,,,,,,,,,,,,,,,,,,,,,,,,,,,,,,,,,,,,,,,,,,,,,,,,,,,,,,,,,,,,,,,,,,,,,,,,,,,,,,,,,,,,,,,,,,,,,,,,,,,,,,,,,,,,,,,,,,,,,,,,,,,,,
MSLB,87,1336.6,36.14,18.4,,196.86,18.36,2.25,387494866.5,71306149.07,304015521.1,6217785907,5454969370,357909598.6,5708859708,227303116,21197401.98,100029803.2,70020862.27,71306149.07,8.8,9.37,6.64,11.59,7.43,309.43,,4.66,503450555,5,65,25,,FALSE,FALSE,800000000,57.44,290725,6313.94,733.6,205.49,0.03,3/15/26 21:37,-296549445,732863561,,39467237,46144440,,87325438,-4334542,-25442480,-25955850,8/20/26,9/24/23,5,278700000,,10,708857,1588422,,,,,,,,,,,,,,,,,,,,,,,,,,,,,,,,,,,,,,,,,,,,,,,,,,,,,,,,,,,,,,,,,,,,,,,,,,,,,,,,,,,,,,,,,,,,,,,,,,,,,,,,,,,,,,,,,,,,,,,,,,,,,,,,,,,,,,,,,,,,,,,,,,,,,,,,,,,,,,,,,,,,,,,,,,,,,,,,,,,
NRIC,198,1257,0.47,1.89,,145.54,,,13422187078,,,,,,,,,,63296773,,,,,,,,,2.31,813066818,11,80,20,Nabil Investment  Banking Ltd,FALSE,FALSE,800000000,72.68,,,1260.37,428.01,,3/15/26 21:37,,,47010000,,,,,,49662892,,,,,,,,,,,,,,,,,,,,,,,,,,,,,,,2291671212,,,,,,,,71114,116184943,,,,,,,,,,,,,,,,,,,,,,,,,,,,,,,,13066818,,,2048792931,,3947616,,,,,,,,,,,,,1346481778,,,,,,,,,,,,,,,,,,,,,,,,,,,,,,,,,,,1359994,,,,,,,,,,,,,,,,,,,3110546,,,,,,,,20114634,132122616,116113829,106679159,9228916,9228916,,2231255147,30112791,60416065,3665609,,,5378918,,,,,,,,,,,,,,,,,,,,,,,
NESDO,241,1595,63.99,58.76,,204.98,23.71,4.56,291337500,171199885,323911710,4088128207,3301679112,2475259880,3010851420,147184850,17557030,133165800,93216060,171199885,21.6,13.5,9.48,16.71,4.55,164.22,,2.24,859795897.7,11,51.3,48.7,LS capital Limited,FALSE,FALSE,815609700,72.89,,,1166.4,412.1,,3/15/26 21:37,,,30275000,,,,,,26477973.11,,,,,,,,,,,,,,,,,,,,,,,,,1145853.2,,,,,,1367686858,,,,,,,,55371508.42,96837565.63,,,,,,,,,,,,,,,,,,,,,,,,,,,,,,,,44186197.72,,,1186664692,,105985.56,,,,,,,,,,,,,229476361.1,,,,,,,,,,,,,,,,,,,,,,,,,,,2478034.5,,,,,,10128728.85,,,,,,,,,,,,,,,,,,,,,5274303.05,,,,,,,,59616438.52,278414599.5,41466057.21,49959734.58,10271129.09,,,1219523712,30318190.94,148163146.2,18541087.97,,,,12697873.33,,4387195.86,,,,,,,,,,,,,,,,,,1689529.07,51264684.57,
MLBBL,73,1370,47.22,9.77,,223.65,21.11,3.05,223933148.2,56579623.38,220316859.8,3461805863,2960976231,1271434733,3027045768,133055377.3,12035977,75531035.7,52871724.99,21878974.94,8.39,15.31,6.96,10.8,7.86,235.93,,2.24,132455584,3,51,49,Siddhartha Capital Limited,FALSE,FALSE,1000000000,82.87,14160362,-14.1,627.67,269.2,-19.09,3/15/26 21:37,,,,,,,,,,,,,,,,,,,282800430,,,,,,,,,,,,,,,,,,,,,,,,,,,,,,,,,,,,,,,,,,,,,,,,,,,,,,,,,,,,,,,,,,,,,,,,,,,,,,,,,,,,,,,,,,,,,,,,,,,,,,,,,,,,,,,,,,,,,,,,,,,,,,,,,,,,,,,,,,,,,,,,,,,,,,,,,,,,,,,,,,,,,,,,,,,,,,,,,,
NMIC,641,1345,4.38,4.38,,106.89,,,750000000,,,1125797960,324150660,,,,,,8207180,,,,,,,,,3.25,319453981,5,70,20,NIC Asia Capital Limited,FALSE,FALSE,536486000,46.73,-129573,-6832.65,1023.4,322.09,-0.05,3/15/26 21:37,-217032019,620626747,,118836530,111167656,,61992363,2268481,17514746,26285903,4/21/26,6/7/23,4.8,240500000,,10,1068653,,,,,,,,,,,,,,,,,,,,,,,,,,,,,,,,,,,,,,,,,,,,,,,,,,,,,,,,,,,,,,,,,,,,,,,,,,,,,,,,,,,,,,,,,,,,,,,,,,,,,,,,,,,,,,,,,,,,,,,,,,,,,,,,,,,,,,,,,,,,,,,,,,,,,,,,,,,,,,,,,,,,,,,,,,,,,,,,,,,,
DLBS,248,1350,18.38,4.71,,179.13,10.26,0.98,133100000,6270983.1,99045090,2494854185,2256438111,907430051.1,2212036760,82442492.21,787243.54,17238992.52,12231481.96,6270983.1,9.83,9.08,7.23,14.01,7.67,94.98,,3.09,5886134576,8,60,35,,FALSE,FALSE,3075050000,81.44,-122085197,-138.91,461.26,296.82,-2.14,3/15/26 21:37,,,,,,,,-60980870,-85484823,,10/11/26,10/19/23,,,,5,,,,,,,,,,,,,,,,,,,,400293646,824152875,,1593609618,,,,,,,,,1827683,,,,,,,,,,,,,,70692579,,,,,,,,,,,,,,,,,,,,,,9968932514,,,,,,,,,,2940674588,1098785163,31412125,18502047,1157781976,5925877746,293911667,2957471422,14769483744,1690357991,-1218933717,471424274,-9391629,-246702057,,-67974,,,,,,,,,,,,,,,,,,,,,,5525584100,,,2954759,223005253,,,,,,,,,,,,,,,,,,,,,,,,,,,,,,,,,,,,,,,,,,,,,,,,,,,,,,,,,,,,,,
SAIL,669,1336,1.03,1.03,,110.62,0.87,0.54,1631250000,,,2911685446,,,,,,,15656098,,,,,,,,,1.26,5241992985,10,51,49,NMB Capital Limited,FALSE,FALSE,2500157400,77.1,159874370,-90.15,603,430.16,-4.77,3/15/26 21:37,,,4590298098,,,428282473,,,,,,,,,,,,,,16065638,1197388578,,,,4322421259,197463596,585659184,102344327,897374854,,82983266,308489224,429295423,8161537,5810112340,60429798,,265010303,176429061,12337298006,1820878886,1031890358,241487711,,,90242408,13974160,6757852,1384352489,,-407821145,1130785834,,43301339,7329287,241763155,22720244,116883207,302077,1356399498,27952991,27952991,12197880,,,,,,,,,,,,,,886628279,3703669819,,,,,,,,,,,,,,,,,,,,,,,,,,,,,,,,,,,,,,,,,,,,,,,,,,775161980,,1415063,,,,,,,2500157400,1921067672,-788988528,984568548,-784848109,922685127,209.67,160932,35606,6430,9202,,,,,,,,,,,,,,,,,,,,,,,,,,,,,,,,,,,,,,,,,,,,,,,,,,
MKCL,443,1395,4.69,4.69,,108.71,2.16,1.37,756000000,,,1294314129,,,,,,,17726739,,,,,,,,,1.23,2136825579,6,87.5,12.27,,FALSE,FALSE,1585584000,43.18,14921904,30.3,2076.8,764.23,25.22,3/15/26 21:37,,,,,,,,,,,9/19/26,10/10/23,,,,0.23,,,,,,,,,,35139910,,,,,,,,,,,,,,2724757353,,,,,,,,1198978,,,,,,,,,,,,,,19698629,,,,,,,,,,,,,,,,,,,,,,,,,,,,,,,,,,,,,,,,,,,,,,,,,,,9618039,149117389,1691620,,746185,2195728525,,,,5192128,11488627,398877188,97633110,,,,,,,13953776,50,,,,,,,,,,,,,,,,,,,,,,,,,,,,,,,,,,,,,,,,,,,,,,,,,,,,,,,,,,,,,,,,
CREST,642,1425,3.13,3.13,,111.12,2.82,1.95,750000000,,,1203801294,370387391,,,,,,11751206,,,,,,,,,1.03,1804662128,8,80,20,,FALSE,FALSE,1631250000,50.63,,,2538.64,1297.09,,3/15/26 21:37,,,,,,,,29871319,11934637,,10/29/28,11/21/25,,,,,,,,,,,,,,,,,,,,,,,,13616395,148240456,,13993424,,,,,,,,,3783981,,,,,,,,,,,,,,15846265,,,,,,,,,,,,,,,,,,,,,,1216805719,1902782,,,,,,,,,549746512,637641068,17319833,,173412128,736961395,207660794,370061923,2911685446,878621946,763919497,114702449,,32891872,,190167,,,,,,,,,,,,,,,,,,,,,,723345000,,,,,27942337,,,,,,,,,,,,,,,,,,,,,,,,,,,,,,,,,,,,,,,,,,,,,,,,,,,,,184400000,,,,,,,,
SMFBS,95,1669.8,38.11,48.58,,206.18,18.49,1.71,153445509,74549471,88377301,3414612439,3098240158,910401010,3000717636,115306484,1786850,41775423,29242796,74549471,4.95,9.12,6.62,11.49,8.31,101.71,,0.86,4467410454,10,51,49,RBB Merchant Banking Limited,FALSE,FALSE,2565224430,58.05,110229250,-89.98,1114.47,819.77,-9.11,3/15/26 21:37,,,3537777590,,,824534053,,,,,,,,,,,,,,861046,112787323,,,42942816,3759436251,139520777,1117434338,39896990,244537727,271916153,87149618,2272740,144018310,166492934,4868751996,,,278322323,85077538,9874764128,1636039711,451938359,203697436,7641806,,85209668,,33895765,782383036,,-939177776,2058027426,,32497393,5212296,158815064,18357119,52419411,4308196,766605178,15777858,15777858,4733357,,,,27.62,0.67,,,,,,,,,811453590,2726324000,,,,,,,,,,,,,,,,,,,,,,,,,,,,,,,,,,,,,,,,,,,,,,,,55035217,,8708882,,1091575,,,,,,,2565224432,1396829202,-1184101352,1324568219,-1949513745,493904124,174.15,106874,33499,5456,2701581000,,,,,,,,,,,,,,,,,,,,,,,,,,,,,,,,,,,,,,,,,,,,,,,,,,
USLB,89,1474,17.04,6.6,,159.37,10.69,1,246865736.3,16879472.25,129690139.5,4212297355,3818862007,1261346747,3781957304,138807744.2,1074872.29,30055099.98,21038569.98,16304891.74,9.86,8.65,6.35,12.26,7.18,243.97,,0.8,6280621122,10,60,40,RBB Merchant Banking Limited,FALSE,FALSE,2691532330,64.81,156030630,-39.81,919.91,826.25,-20.75,3/15/26 21:37,,,6581106593,,,174106896,,,,,,,,,,,,,,3073114,626738019,,,,2830585031,128737697,255533214,167848555,1381442440,111780000,167710964,587138042,403415315,38590431,5083543251,3255250,,221297046,117605144,12208852160,1185447486,696907014,189710128,8874710128,,106653095,16741913,8240214,1027127074,,437127057,926960769,,31019928,8354130,209217812,20254780,86539170,,1011734079,15392995,15392995,4617898,,,,58.79,7.92,,,,,,,,,850975564,5386399885,,,,,,,,,,,,,,,,,,,,,,,,,,,,,,,,,,,,,,,,,,,,,,,,,,463939917,,1281196,,,,,,,2691532328,2319044472,-488540472,924564508,759331156,655067064,233.35,145885,52765,5378,10567,,,,,,,,,,,,,,,,,,,,,,,,,,,,,59680601,,,,,,,,,,,,,,,,,,,,,
JHAPA,666,1508,5.53,5.53,,100.92,5.48,2.47,380190000,,,851266423,,,,,,,10521313,,,,,,,,,2.17,263965619,5,70,20,NIC Asia Capital Limited,FALSE,FALSE,544053400,24.28,-6045519,-148.73,2124.05,1000,-6.72,3/15/26 21:37,-280087781,512000000,,242920480,65676473,,40809276,1491750,12867754,19112901,4/15/26,6/7/23,3.75,195100000,,10,957279,,,,,,,,,,,,,,,,,,,,,,,,,,,,,,,,,,,,,,,,,,,,,,,,,,,,,,,,,,,,,,,,,,,,,,,,,,,,,,,,,,,,,,,,,,,,,,,,,,,,,,,,,,,,,,,,,,,,,,,,,,,,,,,,,,,,,,,,,,,,,,,,,,,,,,,,,,,,,,,,,,,,,,,,,,,,,,,,,,,,
SHLB,256,1613,36.75,18.36,,240.02,15.3,1.34,109375000,42287840,110860210,2999723300,2737200250,897786160,2697041070,86818770,11678950,-20084450,20084450,20084450,14.79,8.5,6.28,11.23,8.19,333.88,,1.89,,11,84,16,RBB Merchant Banking Limited,FALSE,FALSE,12813544000,39.23,,,3104.08,2674.47,,3/15/26 21:37,,,,,,,,,,,6/10/23,6/10/20,,,,,,,,,,,,,,,,,,,,,,,,,,,,,,,,,,,,,,,,,,,,,,,,,,,,,,,,,,,,,,,,,,,,,,,,584485147,,,,,,,,,,,,,,,,,,,,,,,,,,,,44.04,,,,,,,,,,,,,,,,,,,,,,,,,,,,,,,,,,,,,,,,,,,,,,,,,,,,,,,,,,,,,,,,,,,,,,,,,,,,,,,,,,,,,
CYCL,239,1610,27.99,10.85,,268.72,10.42,1.03,266424390,168618910,280896130,7272518510,6556579090,2824646900,6340508270,202863060,35186420,48032690,37289690,28899510,18.48,9.45,6.94,12.81,7.91,111.75,,0.39,4335410269,10,51,49,NIBL Ace Capital Limited,FALSE,FALSE,2548575010,38.64,86027790,-94.24,1236.85,1324.36,-14.05,3/15/26 21:37,,,5316638323,,,232344193,,,,,,,,,,,,,,3537009,257641836,,,11850000,1264035693,82557919,180220637,102583455,41957053,81481510,112405371,4179647,70130674,132842470,2584275361,,,199834132,307702742,7595497704,981131333,520076292,78622744,,,111662212,,475720,710836968,,-328526637,1292747,,7636333,5401165,133567000,5999911,79493287,3227678,701268618,9568350,9568350,4609878,,,,53.01,0.51,,,,,,,,,1762529420,3554108903,,,,,,,,,,,,,,,,,,,,,,,,,,,,,,,,,,,,,,,,,,,,,,,,102131592,,35432732,,1494458,,,,,,,2548575005,1518638062,-461055040,675040577,-1174813066,464448786,170.11,108891,24462,3676,5526,,,,,,,,,,,,,,,,,,,,,,,,,,,,,,,,,,,,,,,,,,,,,,,,,,